code,name,signal_date,entry_date,entry_price,exit_date,exit_price,holding_days,exit_reason,invested,realized,pnl,return_pct,partial_tp,inst_ratio
3044,健鼎,20250102,20250103,192.75,20250108,183.11,4,HARD_STOP_5%,199831.0,189000.0,-10831.0,-5.42,False,53.5
2610,華航,20250102,20250103,24.61,20250109,23.59,5,CLOSE_MA20_SL,199976.0,190840.0,-9136.0,-4.57,False,41.4
3702,大聯大,20250102,20250103,67.6,20250110,64.22,6,HARD_STOP_5%,199968.0,189130.0,-10838.0,-5.42,False,37.0
2385,群光,20250108,20250109,143.68,20250113,136.5,3,HARD_STOP_5%,189218.0,178962.0,-10256.0,-5.42,False,48.9
2606,裕民,20250110,20250113,53.44,20250203,51.17,9,CLOSE_MA20_SL,189205.0,180367.0,-8838.0,-4.67,False,46.5
2618,長榮航,20250102,20250103,41.43,20250204,40.58,16,CLOSE_MA20_SL,199959.0,194991.0,-4969.0,-2.48,False,42.4
2801,彰銀,20250102,20250103,15.84,20250210,15.8,20,TIME_EXIT_20D,199996.0,198609.0,-1387.0,-0.69,False,40.3
6139,亞翔,20250109,20250110,215.7,20250214,234.84,19,TRAILING_MA5,190815.0,209798.0,18983.0,9.95,True,34.7
2441,超豐,20250113,20250114,55.76,20250219,60.48,20,TIME_EXIT_20D,178950.0,193239.0,14290.0,7.99,False,26.0
5876,上海商銀,20250203,20250204,40.25,20250304,39.43,20,CLOSE_MA20_SL,180368.0,175912.0,-4456.0,-2.47,False,60.0
3576,聯合再生,20250214,20250217,10.4,20250304,9.88,11,HARD_STOP_5%,199999.0,189159.0,-10840.0,-5.42,False,55.5
2897,王道銀行,20250204,20250205,8.98,20250305,8.99,20,TIME_EXIT_20D,194996.0,194350.0,-646.0,-0.33,False,50.3
2441,超豐,20250219,20250220,60.57,20250307,57.54,11,HARD_STOP_5%,199963.0,189125.0,-10838.0,-5.42,False,62.8
2883,凱基金,20250210,20250211,16.13,20250311,16.72,20,TIME_EXIT_20D,198605.0,204959.0,6354.0,3.2,False,53.4
3481,群創,20250305,20250306,13.85,20250311,13.16,4,HARD_STOP_5%,194343.0,183810.0,-10534.0,-5.42,False,53.3
2356,英業達,20250307,20250310,45.63,20250313,43.35,4,HARD_STOP_5%,189134.0,178883.0,-10251.0,-5.42,False,45.5
6278,台表科,20250311,20250312,108.77,20250324,103.33,9,HARD_STOP_5%,199953.0,189115.0,-10838.0,-5.42,False,45.6
2605,新興,20250311,20250312,25.8,20250324,24.51,9,HARD_STOP_5%,188810.0,178576.0,-10234.0,-5.42,False,38.3
2347,聯強,20250324,20250325,67.87,20250331,64.48,5,HARD_STOP_5%,167690.0,158601.0,-9089.0,-5.42,False,31.9
4532,瑞智,20250304,20250305,26.31,20250401,27.78,20,TIME_EXIT_20D,199993.0,210233.0,10240.0,5.12,False,44.7
2838,聯邦銀,20250304,20250305,13.73,20250401,14.79,20,TIME_EXIT_20D,168161.0,180343.0,12182.0,7.24,False,36.5
1210,大成,20250313,20250314,51.23,20250407,48.67,15,HARD_STOP_5%,178869.0,169174.0,-9695.0,-5.42,False,52.5
1102,亞泥,20250324,20250325,40.38,20250407,38.36,8,HARD_STOP_5%,199983.0,189144.0,-10839.0,-5.42,False,41.7
2607,榮運,20250401,20250402,51.11,20250407,48.55,2,HARD_STOP_5%,199982.0,189143.0,-10839.0,-5.42,False,50.2
2439,美律,20250401,20250402,111.38,20250407,105.81,2,HARD_STOP_5%,199958.0,189120.0,-10838.0,-5.42,False,36.9
1442,名軒,20250407,20250408,70.59,20250408,67.06,1,HARD_STOP_5%,199983.0,189143.0,-10839.0,-5.42,False,20.2
6415,矽力*-KY,20250414,20250415,422.3,20250424,401.18,8,HARD_STOP_5%,199890.0,189056.0,-10834.0,-5.42,False,18.9
5876,上海商銀,20250408,20250409,40.25,20250507,42.82,20,TIME_EXIT_20D,199984.0,211812.0,11828.0,5.91,False,41.1
2412,中華電,20250411,20250414,118.65,20250512,121.43,20,TIME_EXIT_20D,199949.0,203729.0,3780.0,1.89,False,43.8
2615,萬海,20250414,20250415,76.93,20250514,91.05,21,TIME_EXIT_20D,199930.0,229257.0,29328.0,14.67,True,20.0
2474,可成,20250424,20250425,203.28,20250519,194.14,16,CLOSE_MA20_SL,199967.0,190131.0,-9835.0,-4.92,False,35.5
6116,彩晶,20250512,20250513,7.75,20250526,7.36,10,HARD_STOP_5%,199999.0,189159.0,-10840.0,-5.42,False,70.7
5534,長虹,20250513,20250514,82.71,20250602,78.57,13,HARD_STOP_5%,191279.0,180912.0,-10367.0,-5.42,False,58.9
2886,兆豐金,20250519,20250520,38.33,20250602,36.41,9,HARD_STOP_5%,199995.0,189155.0,-10840.0,-5.42,False,58.6
1718,中纖,20250526,20250527,6.79,20250602,6.53,4,CLOSE_MA20_SL,199999.0,191490.0,-8509.0,-4.25,False,60.7
2801,彰銀,20250507,20250508,16.06,20250605,16.1,20,TIME_EXIT_20D,199993.0,199605.0,-388.0,-0.19,False,55.9
2645,長榮航太,20250602,20250603,107.29,20250613,102.6,9,CLOSE_MA20_SL,199916.0,190332.0,-9584.0,-4.79,False,43.0
2884,玉山金,20250602,20250603,27.76,20250630,30.1,20,TIME_EXIT_20D,199987.0,215885.0,15899.0,7.95,False,34.6
1215,卜蜂,20250602,20250603,105.55,20250630,121.24,20,TIME_EXIT_20D,199949.0,225805.0,25857.0,12.93,True,18.4
2330,台積電,20250605,20250606,976.85,20250703,1072.51,20,TIME_EXIT_20D,199419.0,217980.0,18560.0,9.31,False,40.1
1303,南亞,20250703,20250704,27.99,20250709,26.68,4,CLOSE_MA20_SL,199991.0,189788.0,-10203.0,-5.1,False,71.2
2633,台灣高鐵,20250613,20250616,26.49,20250711,26.39,20,TIME_EXIT_20D,199983.0,198347.0,-1636.0,-0.82,False,58.6
2303,聯電,20250627,20250630,43.36,20250711,42.52,10,CLOSE_MA20_SL,160807.0,156994.0,-3813.0,-2.37,False,49.3
2892,第一金,20250630,20250701,26.33,20250728,26.97,20,TIME_EXIT_20D,199987.0,203942.0,3955.0,1.98,False,48.9
5469,瀚宇博,20250709,20250710,58.38,20250728,70.06,13,TAKE_PROFIT_TP2,199977.0,230950.0,30973.0,15.49,True,54.3
2845,遠東銀,20250711,20250714,11.81,20250808,12.16,20,TIME_EXIT_20D,199991.0,205008.0,5016.0,2.51,False,60.9
5880,合庫金,20250711,20250714,22.92,20250808,23.24,20,TIME_EXIT_20D,199982.0,201877.0,1895.0,0.95,False,53.0
6139,亞翔,20250722,20250723,319.35,20250811,303.38,14,HARD_STOP_5%,199736.0,188910.0,-10826.0,-5.42,False,35.1
2474,可成,20250728,20250729,204.28,20250811,194.07,10,HARD_STOP_5%,199928.0,189092.0,-10836.0,-5.42,False,47.0
2607,榮運,20250808,20250811,61.2,20250813,58.14,3,HARD_STOP_5%,199960.0,189122.0,-10838.0,-5.42,False,54.9
2882,國泰金,20250811,20250812,61.89,20250829,59.38,14,CLOSE_MA20_SL,199985.0,191026.0,-8959.0,-4.48,False,59.2
2881,富邦金,20250813,20250814,82.47,20250829,79.17,12,CLOSE_MA20_SL,199967.0,191117.0,-8850.0,-4.43,False,49.8
2010,春源,20250811,20250812,19.18,20250901,18.63,15,CLOSE_MA20_SL,199998.0,193404.0,-6594.0,-3.3,False,49.6
1513,中興電,20250829,20250901,167.43,20250901,159.06,1,HARD_STOP_5%,199886.0,189052.0,-10834.0,-5.42,False,48.0
9907,統一實,20250808,20250811,17.29,20250905,16.82,20,TIME_EXIT_20D,199998.0,193701.0,-6297.0,-3.15,False,73.1
2454,聯發科,20250905,20250908,1413.98,20250922,1370.1,11,CLOSE_MA20_SL,199513.0,192467.0,-7046.0,-3.53,False,51.0
2855,統一證,20250829,20250901,20.0,20250926,21.87,20,TRAILING_MA5,199982.0,220352.0,20369.0,10.19,True,53.4
2887,台新新光金,20250901,20250902,15.77,20250930,17.31,20,TIME_EXIT_20D,199996.0,218555.0,18560.0,9.28,False,52.9
2880,華南金,20250901,20250902,27.14,20250930,28.38,20,TIME_EXIT_20D,199974.0,208186.0,8212.0,4.11,False,49.9
2834,臺企銀,20250922,20250923,14.23,20251023,14.18,20,TIME_EXIT_20D,199989.0,198405.0,-1584.0,-0.79,False,43.0
4904,遠傳,20250924,20250925,83.3,20251028,89.08,20,TIME_EXIT_20D,165718.0,176434.0,10715.0,6.47,False,45.0
1612,宏泰,20250930,20251001,35.44,20251031,36.75,20,TIME_EXIT_20D,199989.0,206464.0,6475.0,3.24,False,55.7
3045,台灣大,20250930,20251001,103.94,20251031,104.9,20,TIME_EXIT_20D,199915.0,200869.0,954.0,0.48,False,52.6
2612,中航,20251031,20251103,55.69,20251104,52.91,2,HARD_STOP_5%,199958.0,189120.0,-10838.0,-5.42,False,13.2
5434,崇越,20251031,20251103,340.58,20251105,323.55,3,HARD_STOP_5%,199722.0,188897.0,-10825.0,-5.42,False,39.3
1215,卜蜂,20251104,20251105,133.12,20251113,128.37,7,CLOSE_MA20_SL,199955.0,191968.0,-7987.0,-3.99,False,51.2
2889,國票金,20251023,20251027,14.83,20251121,15.26,20,TIME_EXIT_20D,199991.0,204880.0,4889.0,2.44,False,75.5
2439,美律,20251105,20251106,102.63,20251121,99.78,12,CLOSE_MA20_SL,199963.0,193550.0,-6413.0,-3.21,False,56.6
2897,王道銀行,20251028,20251029,8.65,20251125,8.62,20,TIME_EXIT_20D,199992.0,198417.0,-1575.0,-0.79,False,38.9
1409,新纖,20251121,20251124,14.94,20251205,14.55,10,CLOSE_MA20_SL,199995.0,193913.0,-6082.0,-3.04,False,27.0
2867,三商壽,20251113,20251114,7.23,20251211,7.67,20,TIME_EXIT_20D,199994.0,211227.0,11233.0,5.62,False,61.9
2211,長榮鋼,20251121,20251124,107.06,20251211,104.74,14,CLOSE_MA20_SL,199916.0,194719.0,-5197.0,-2.6,False,38.1
2006,東和鋼鐵,20251125,20251126,63.63,20251217,61.65,16,CLOSE_MA20_SL,199941.0,192862.0,-7078.0,-3.54,False,66.6
2887,台新新光金,20251205,20251208,18.51,20251223,20.1,12,TRAILING_MA5,199995.0,219609.0,19614.0,9.81,True,67.9
2637,慧洋-KY,20251217,20251218,65.06,20260105,62.95,11,CLOSE_MA20_SL,199942.0,192602.0,-7340.0,-3.67,False,47.4
1216,統一,20251217,20251218,73.37,20260107,72.41,13,CLOSE_MA20_SL,189503.0,186196.0,-3307.0,-1.74,False,20.3
2867,三商壽,20251211,20251212,7.7,20260112,7.74,20,CLOSE_MA20_SL,199996.0,200146.0,150.0,0.07,False,68.5
2883,凱基金,20251211,20251212,16.43,20260112,17.05,20,TIME_EXIT_20D,199997.0,206626.0,6629.0,3.31,False,65.3
2609,陽明,20260107,20260108,55.68,20260115,52.9,6,HARD_STOP_5%,199978.0,189139.0,-10839.0,-5.42,False,61.9
2520,冠德,20260112,20260113,32.37,20260115,31.46,3,CLOSE_MA20_SL,199995.0,193513.0,-6482.0,-3.24,False,65.6
1301,台塑,20260115,20260116,42.5,20260127,51.0,8,TAKE_PROFIT_TP2,199977.0,230948.0,30971.0,15.49,True,63.9
1326,台化,20260115,20260116,34.16,20260127,40.99,8,TAKE_PROFIT_TP2,199978.0,230949.0,30971.0,15.49,True,58.8
9933,中鼎,20260112,20260113,30.99,20260130,29.83,14,CLOSE_MA20_SL,199997.0,191659.0,-8337.0,-4.17,False,66.1
2845,遠東銀,20260105,20260106,12.36,20260202,11.74,20,HARD_STOP_5%,199991.0,189152.0,-10840.0,-5.42,False,48.4
2610,華航,20260127,20260128,22.12,20260202,21.01,4,HARD_STOP_5%,199997.0,189157.0,-10840.0,-5.42,False,61.9
3645,達邁,20260130,20260202,61.56,20260202,58.48,1,HARD_STOP_5%,199966.0,189128.0,-10838.0,-5.42,False,24.7
8464,億豐,20260202,20260203,402.93,20260211,382.78,7,HARD_STOP_5%,199996.0,189156.0,-10840.0,-5.42,False,42.0
2883,凱基金,20260202,20260203,17.49,20260226,20.99,11,TAKE_PROFIT_TP2,199983.0,230955.0,30972.0,15.49,True,32.3
3017,奇鋐,20260202,20260203,1540.86,20260303,1849.03,13,TAKE_PROFIT_TP2,198913.0,229780.0,30867.0,15.52,True,42.3
2002,中鋼,20260126,20260127,19.59,20260304,19.05,19,CLOSE_MA20_SL,200000.0,193627.0,-6373.0,-3.19,False,67.5
2905,三商,20260226,20260302,16.07,20260304,15.27,3,HARD_STOP_5%,199989.0,189149.0,-10840.0,-5.42,False,60.7
8046,南電,20260304,20260305,486.98,20260305,462.63,1,HARD_STOP_5%,199804.0,188975.0,-10830.0,-5.42,False,28.5
1560,中砂,20260304,20260305,475.81,20260309,452.02,3,HARD_STOP_5%,199983.0,189143.0,-10839.0,-5.42,False,31.9
2867,三商壽,20260211,20260223,8.02,20260316,7.73,15,CLOSE_MA20_SL,199993.0,191909.0,-8084.0,-4.04,False,66.1
1409,新纖,20260313,20260316,16.24,20260316,15.43,1,HARD_STOP_5%,199992.0,189152.0,-10840.0,-5.42,False,38.0
2393,億光,20260305,20260306,53.57,20260323,62.1,12,TRAILING_MA5,199958.0,226868.0,26910.0,13.46,True,52.4
1227,佳格,20260223,20260224,28.8,20260324,28.75,20,TIME_EXIT_20D,199265.0,198040.0,-1226.0,-0.62,False,67.0
2376,技嘉,20260324,20260325,232.41,20260330,220.79,4,HARD_STOP_5%,199782.0,188954.0,-10828.0,-5.42,False,53.8
3045,台灣大,20260309,20260310,103.47,20260408,104.9,20,TIME_EXIT_20D,199943.0,201810.0,1867.0,0.93,False,50.8
1210,大成,20260316,20260317,51.07,20260415,51.82,20,TIME_EXIT_20D,199979.0,202019.0,2040.0,1.02,False,47.4
4904,遠傳,20260316,20260317,89.46,20260415,91.78,20,TIME_EXIT_20D,199996.0,204275.0,4279.0,2.14,False,43.0
2002,中鋼,20260408,20260409,19.84,20260423,19.0,11,CLOSE_MA20_SL,199991.0,190676.0,-9314.0,-4.66,False,74.3
2105,正新,20260330,20260331,30.07,20260428,29.69,19,CLOSE_MA20_SL,199988.0,196587.0,-3400.0,-1.7,False,28.3
2501,國建,20260415,20260416,23.72,20260429,22.53,10,HARD_STOP_5%,199983.0,189144.0,-10839.0,-5.42,False,57.2
9941,裕融,20260415,20260416,71.98,20260505,70.4,13,CLOSE_MA20_SL,199959.0,194705.0,-5254.0,-2.63,False,54.3
3033,威健,20260423,20260424,33.74,20260506,40.49,8,TAKE_PROFIT_TP2,199984.0,238920.0,38936.0,19.47,False,32.1
6505,台塑化,20260505,20260506,54.36,20260507,51.64,2,HARD_STOP_5%,199970.0,189131.0,-10839.0,-5.42,False,51.4
2421,建準,20260429,20260430,144.12,20260515,136.91,11,HARD_STOP_5%,199893.0,189058.0,-10834.0,-5.42,False,34.7
2382,廣達,20260506,20260507,334.71,20260515,317.97,7,HARD_STOP_5%,199964.0,189126.0,-10838.0,-5.42,False,39.6
2455,全新,20260515,20260518,349.63,20260522,419.56,5,TAKE_PROFIT_TP2,199781.0,230735.0,30954.0,15.49,True,29.7
2867,三商壽,20260507,20260508,7.81,20260525,7.5,12,CLOSE_MA20_SL,199992.0,191205.0,-8787.0,-4.39,False,70.5
2883,凱基金,20260428,20260429,20.68,20260527,21.55,20,TIME_EXIT_20D,199994.0,207486.0,7492.0,3.75,False,54.6
1409,新纖,20260525,20260526,17.01,20260529,20.41,4,TAKE_PROFIT_TP2,199993.0,230967.0,30974.0,15.49,True,49.5
2352,佳世達,20260520,20260521,25.58,20260603,30.7,10,TAKE_PROFIT_TP2,199999.0,230974.0,30975.0,15.49,True,56.1
2887,台新新光金,20260601,20260602,23.51,20260604,28.21,3,TAKE_PROFIT_TP2,199977.0,230948.0,30971.0,15.49,True,53.0
3010,華立,20260527,20260528,135.8,20260608,129.01,8,HARD_STOP_5%,199904.0,189069.0,-10835.0,-5.42,False,28.7
2412,中華電,20260515,20260518,132.86,20260612,139.59,20,TIME_EXIT_20D,199964.0,209164.0,9200.0,4.6,False,29.2
1709,和益,20260528,20260529,19.22,20260626,20.43,20,TIME_EXIT_20D,199992.0,211642.0,11651.0,5.83,False,48.5
2010,春源,20260612,20260615,22.8,20260629,21.66,10,HARD_STOP_5%,199984.0,189145.0,-10839.0,-5.42,False,60.6
6592,和潤企業,20260603,20260604,60.06,20260630,58.7,18,CLOSE_MA20_SL,199962.0,194570.0,-5392.0,-2.7,False,58.7
2897,王道銀行,20260604,20260605,9.84,20260703,10.03,20,TIME_EXIT_20D,199993.0,202953.0,2960.0,1.48,False,62.3
1314,中石化,20260630,20260701,8.57,20260706,10.28,4,TAKE_PROFIT_TP2,199995.0,230968.0,30973.0,15.49,True,45.0
2547,日勝生,20260608,20260609,10.21,20260707,10.44,20,TIME_EXIT_20D,199993.0,203594.0,3601.0,1.8,False,41.5
9921,巨大,20260626,20260629,75.56,20260709,71.78,9,HARD_STOP_5%,199999.0,189159.0,-10840.0,-5.42,False,48.3
1402,遠東新,20260629,20260630,27.75,20260709,26.36,8,HARD_STOP_5%,199998.0,189158.0,-10840.0,-5.42,False,34.4
3006,晶豪科,20260709,20260713,238.0,20260713,226.1,1,HARD_STOP_5%,199824.0,188994.0,-10831.0,-5.42,False,40.5
2820,華票,20260707,20260708,17.25,20260717,16.45,7,CLOSE_MA20_SL,199984.0,189866.0,-10118.0,-5.06,False,59.5
9921,巨大,20260713,20260714,77.82,20260720,82.43,5,TRAILING_MA5,199984.0,216943.0,16959.0,8.48,True,54.6
2206,三陽工業,20260703,20260706,60.75,20260803,64.0,20,TIME_EXIT_20D,199949.0,209715.0,9765.0,4.88,False,62.7
2867,三商壽,20260706,20260707,8.76,20260804,9.76,20,TIME_EXIT_20D,199993.0,222420.0,22427.0,11.21,True,66.1
5871,中租-KY,20260720,20260721,113.25,20260806,109.0,13,CLOSE_MA20_SL,199915.0,191562.0,-8353.0,-4.18,False,42.1
5876,上海商銀,20260709,20260713,41.12,20260807,43.45,20,TIME_EXIT_20D,199986.0,210383.0,10397.0,5.2,False,33.0
2812,台中銀,20260717,20260720,18.87,20260814,18.65,20,TIME_EXIT_20D,199995.0,196789.0,-3206.0,-1.6,False,62.0
2637,慧洋-KY,20260803,20260804,81.6,20260821,97.92,14,TAKE_PROFIT_TP2,199981.0,230955.0,30974.0,15.49,True,48.2
2603,長榮,20260814,20260817,220.0,20260825,246.0,7,TRAILING_MA5,199902.0,222720.0,22817.0,11.41,True,61.5
3706,神達,20260804,20260805,81.31,20260901,83.86,20,TIME_EXIT_20D,199921.0,205279.0,5358.0,2.68,False,46.9
2031,新光鋼,20260806,20260807,42.8,20260903,45.35,20,TIME_EXIT_20D,199976.0,210953.0,10977.0,5.49,False,47.6
4142,國光生,20260807,20260810,17.8,20260904,17.55,20,TIME_EXIT_20D,199983.0,196302.0,-3681.0,-1.84,False,78.4
2382,廣達,20260904,20260907,350.0,20260908,332.5,2,HARD_STOP_5%,199992.0,189153.0,-10840.0,-5.42,False,66.2
2883,凱基金,20260821,20260824,31.75,20260914,38.1,16,TAKE_PROFIT_TP2,199977.0,230947.0,30971.0,15.49,True,74.4
3045,台灣大,20260825,20260826,115.0,20260922,123.0,20,TIME_EXIT_20D,199897.0,212858.0,12960.0,6.48,False,65.4
2845,遠東銀,20260903,20260904,13.7,20260929,13.1,16,CLOSE_MA20_SL,199998.0,190393.0,-9605.0,-4.8,False,70.0
2897,王道銀行,20260901,20260902,10.6,20260930,10.9,19,PERIOD_END,199995.0,204746.0,4751.0,2.38,False,66.5
4904,遠傳,20260908,20260909,102.5,20260930,103.5,14,PERIOD_END,199915.0,200973.0,1058.0,0.53,False,59.8
2412,中華電,20260914,20260915,143.5,20260930,143.5,10,PERIOD_END,199894.0,199010.0,-884.0,-0.44,False,62.2
2618,長榮航,20260922,20260923,42.85,20260930,42.85,4,PERIOD_END,199995.0,199110.0,-884.0,-0.44,False,58.8
1303,南亞,20260929,20260930,250.5,20260930,255.5,1,PERIOD_END,199791.0,202878.0,3087.0,1.54,False,43.5
