year_month,trades,win_rate,total_pnl,avg_ret
202501,3,0.0,-28352.0,-4.726666666666667
202502,4,50.0,6100.0,0.47750000000000015
202503,4,25.0,-19816.0,-2.475
202504,1,100.0,1504.0,0.85
202505,1,100.0,27599.0,13.8
202506,7,57.14285714285714,23841.0,1.6714285714285713
202507,4,75.0,68131.0,8.5375
202508,7,57.14285714285714,70071.0,5.0042857142857144
202509,6,0.0,-37472.0,-3.1233333333333335
202510,6,83.33333333333334,122410.0,10.200000000000001
202511,5,40.0,-17331.0,-1.732
202512,4,100.0,79416.0,9.9275
202601,7,57.14285714285714,65016.0,4.644285714285714
202602,6,16.666666666666664,-20240.0,-1.6866666666666663
202603,8,37.5,29328.0,1.845
202604,6,16.666666666666664,-27401.0,-2.283333333333333
202605,10,50.0,92600.0,4.632
202606,8,50.0,78051.0,4.8775
202607,4,50.0,61063.0,7.6325
202608,5,80.0,70428.0,7.042
202609,11,54.54545454545454,25689.0,1.1681818181818182
