date,cash,holdings_val,total_equity,benchmark_close,equity_return_pct,benchmark_return_pct,peak,drawdown,bench_peak,bench_dd
20250102,1000000.0,0.0,1000000.0,22832.06,0.0,0.0,1000000.0,0.0,22832.06,0.0
20250103,270.0,986812.0,987082.0,22908.3,-1.2918,0.3339164315440567,1000000.0,-1.2918,22908.3,0.0
20250106,270.0,987045.0,987315.0,23547.71,-1.2685,3.1344083713865407,1000000.0,-1.2685,23547.71,0.0
20250107,270.0,979683.0,979954.0,23651.27,-2.0046,3.5879811107714286,1000000.0,-2.0046,23651.27,0.0
20250108,189271.0,789662.0,978933.0,23407.33,-2.1067,2.5195711644065426,1000000.0,-2.1067,23651.27,-1.0314033876404889
20250109,190893.0,773755.0,964647.0,23081.13,-3.5353000000000003,1.0908783526322183,1000000.0,-3.5353000000000003,23651.27,-2.410610508442039
20250110,189207.0,776886.0,966093.0,23011.86,-3.3907,0.7874891709289449,1000000.0,-3.3907,23651.27,-2.703491186731198
20250113,178964.0,773246.0,952210.0,22488.33,-4.779,-1.5054708160367465,1000000.0,-4.779,23651.27,-4.917029825459684
20250114,14.0,961174.0,961188.0,22797.52,-3.8811999999999998,-0.15127850925409653,1000000.0,-3.8811999999999998,23651.27,-3.6097427326312705
20250115,14.0,944427.0,944441.0,22514.57,-5.555899999999999,-1.39054469898906,1000000.0,-5.555899999999999,23651.27,-4.806084408997913
20250116,14.0,950996.0,951010.0,23025.1,-4.899,0.8454778062075748,1000000.0,-4.899,23651.27,-2.647511106168937
20250117,14.0,968449.0,968463.0,23148.08,-3.1537,1.3841063837428618,1000000.0,-3.1537,23651.27,-2.12753902855956
20250120,14.0,969726.0,969740.0,23266.82,-3.026,1.9041645826088334,1000000.0,-3.026,23651.27,-1.625494106658969
20250121,14.0,966819.0,966833.0,23300.01,-3.3167,2.049530353371518,1000000.0,-3.3167,23651.27,-1.4851633760047644
20250122,14.0,981337.0,981351.0,23525.41,-1.8649,3.0367386911211627,1000000.0,-1.8649,23651.27,-0.5321490135624877
20250203,180382.0,789552.0,969934.0,22694.71,-3.0065999999999997,-0.6015663939215391,1000000.0,-3.0065999999999997,23651.27,-4.044433977541169
20250204,195004.0,761953.0,956957.0,22793.96,-4.3043,-0.16687061964624383,1000000.0,-4.3043,23651.27,-3.6247947784622188
20250205,8.0,959675.0,959683.0,23161.58,-4.0317,1.4432337686568817,1000000.0,-4.0317,23651.27,-2.0704596412793
20250206,8.0,961771.0,961779.0,23316.6,-3.8221,2.1221913397214145,1000000.0,-3.8221,23651.27,-1.415019151191466
20250207,8.0,961280.0,961288.0,23478.27,-3.8712000000000004,2.830274622613987,1000000.0,-3.8712000000000004,23651.27,-0.7314617777396308
20250210,198617.0,763315.0,961932.0,23252.14,-3.8068,1.8398690262726978,1000000.0,-3.8068,23651.27,-1.6875626551978014
20250211,12.0,956817.0,956829.0,23384.05,-4.3171,2.417609273977021,1000000.0,-4.3171,23651.27,-1.129833619928237
20250212,106396.0,863604.0,970000.0,23289.75,-3.0,2.0045935408368702,1000000.0,-3.0,23651.27,-1.5285437103377553
20250213,106396.0,866565.0,972961.0,23399.41,-2.7039,2.484883098590309,1000000.0,-2.7039,23651.27,-1.064889961511583
20250214,209810.0,758582.0,968391.0,23152.61,-3.1609,1.4039469062362278,1000000.0,-3.1609,23651.27,-2.1083857230499667
20250217,9811.0,962031.0,971841.0,23505.33,-2.8159,2.9487921808194284,1000000.0,-2.8159,23651.27,-0.6170493170134149
20250218,9811.0,965138.0,974949.0,23666.11,-2.5051,3.652977436113952,1000000.0,-2.5051,23666.11,0.0
20250219,203050.0,776723.0,979773.0,23604.08,-2.0227,3.38129805194976,1000000.0,-2.0227,23666.11,-0.2621047565484942
20250220,3087.0,981571.0,984658.0,23487.46,-1.5342,2.870525042418414,1000000.0,-1.5342,23666.11,-0.7548769104850838
20250221,3087.0,978520.0,981607.0,23730.25,-1.8393,3.9338982115498937,1000000.0,-1.8393,23730.25,0.0
20250224,3087.0,974497.0,977584.0,23565.31,-2.2416,3.2114929620892725,1000000.0,-2.2416,23730.25,-0.6950622096269474
20250225,3087.0,970522.0,973609.0,23285.72,-2.6391,1.9869429214884677,1000000.0,-2.6391,23730.25,-1.8732630292559025
20250226,3087.0,968655.0,971742.0,23402.55,-2.8257999999999996,2.4986356903406786,1000000.0,-2.8257999999999996,23730.25,-1.3809378325133563
20250227,3087.0,971600.0,974687.0,23053.18,-2.5313,0.9684627668287442,1000000.0,-2.5313,23730.25,-2.8531937084522907
20250303,3087.0,968636.0,971723.0,22756.25,-2.8277,-0.3320331148394026,1000000.0,-2.8277,23730.25,-4.104465818944174
20250304,368158.0,593749.0,961907.0,22596.88,-3.8093000000000004,-1.0300428432651294,1000000.0,-3.8093000000000004,23730.25,-4.77605587804595
20250305,194354.0,767514.0,961868.0,22871.9,-3.8132,0.1744914825907086,1000000.0,-3.8132,23730.25,-3.6171131783272346
20250306,10.0,956248.0,956259.0,22715.43,-4.3741,-0.5108168075942382,1000000.0,-4.3741,23730.25,-4.276482548645714
20250307,189135.0,761665.0,950800.0,22576.07,-4.92,-1.1211866121585246,1000000.0,-4.92,23730.25,-4.863749855142699
20250310,1.0,950304.0,950305.0,22459.15,-4.9695,-1.6332735635768294,1000000.0,-4.9695,23730.25,-5.35645431464059
20250311,388770.0,556549.0,945319.0,22071.09,-5.4681,-3.3329011924460654,1000000.0,-5.4681,23730.25,-6.991751035071269
20250312,7.0,939644.0,939651.0,22278.36,-6.0349,-2.4250987427328097,1000000.0,-6.0349,23730.25,-6.118308909514225
20250313,178890.0,763284.0,942174.0,21961.68,-5.7826,-3.812095798627023,1000000.0,-5.7826,23730.25,-7.452808124651024
20250314,21.0,941258.0,941279.0,21968.05,-5.8721000000000005,-3.784196432560189,1000000.0,-5.8721000000000005,23730.25,-7.425964749633909
20250317,21.0,935297.0,935318.0,22118.63,-6.4682,-3.1246852014229125,1000000.0,-6.4682,23730.25,-6.791416019637378
20250318,21.0,938777.0,938798.0,22271.67,-6.1202,-2.454399646812434,1000000.0,-6.1202,23730.25,-6.146500774328133
20250319,21.0,935587.0,935608.0,21960.83,-6.4392000000000005,-3.8158186339734543,1000000.0,-6.4392000000000005,23730.25,-7.456390050673711
20250320,21.0,940116.0,940137.0,22377.26,-5.9863,-1.9919359006589983,1000000.0,-5.9863,23730.25,-5.701541281697418
20250321,21.0,932539.0,932560.0,22209.1,-6.744,-2.7284441263731907,1000000.0,-6.744,23730.25,-6.410172669904453
20250324,367713.0,571812.0,939524.0,22106.64,-6.0476,-3.1771990788391493,1000000.0,-6.0476,23730.25,-6.841942246710425
20250325,39.0,938549.0,938588.0,22273.19,-6.1412,-2.4477423412517423,1000000.0,-6.1412,23730.25,-6.140095447793434
20250326,39.0,947220.0,947259.0,22260.29,-5.274100000000001,-2.5042418423917963,1000000.0,-5.274100000000001,23730.25,-6.194456442726053
20250327,39.0,948340.0,948379.0,21951.76,-5.1621,-3.8555434770231107,1000000.0,-5.1621,23730.25,-7.494611308351162
20250328,39.0,943075.0,943114.0,21602.89,-5.6886,-5.383526497390082,1000000.0,-5.6886,23730.25,-8.96476016898263
20250331,158641.0,764731.0,923372.0,20695.9,-7.6628,-9.355967004291333,1000000.0,-7.6628,23730.25,-12.786843796420175
20250401,549217.0,388852.0,938069.0,21280.17,-6.1931,-6.79697758327546,1000000.0,-6.1931,23730.25,-10.324712129033625
20250402,149276.0,788267.0,937544.0,21298.22,-6.2456,-6.717922079742257,1000000.0,-6.2456,23730.25,-10.248648876434082
20250407,885858.0,0.0,885858.0,19232.35,-11.4142,-15.766032499914607,1000000.0,-11.4142,23730.25,-18.954288302904526
20250408,875018.0,0.0,875018.0,18459.95,-12.498199999999999,-19.148994878254527,1000000.0,-12.498199999999999,23730.25,-22.209205549878316
20250409,675035.0,204409.0,879444.0,17391.76,-12.0556,-23.827460159092094,1000000.0,-12.0556,23730.25,-26.71059091244298
20250410,675035.0,212800.0,887835.0,19000.03,-11.2165,-16.78354909719054,1000000.0,-11.2165,23730.25,-19.933291895365624
20250411,675035.0,217119.0,892154.0,19528.77,-10.7846,-14.467770319454315,1000000.0,-10.7846,23730.25,-17.705165348026252
20250414,475086.0,414794.0,889880.0,19513.09,-11.012,-14.536445682080377,1000000.0,-11.012,23730.25,-17.771241348068394
20250415,75266.0,815586.0,890852.0,19857.67,-10.9148,-13.027252030697198,1000000.0,-10.9148,23730.25,-16.319170678774988
20250416,75266.0,812854.0,888120.0,19468.0,-11.187999999999999,-14.733931147693205,1000000.0,-11.187999999999999,23730.25,-17.961251988495697
20250417,75266.0,819421.0,894687.0,19338.73,-10.5313,-15.300108706792123,1000000.0,-10.5313,23730.25,-18.505999726088014
20250418,75266.0,814287.0,889553.0,19395.03,-11.0447,-15.053525612669214,1000000.0,-11.0447,23730.25,-18.268749802467322
20250421,75266.0,809783.0,885049.0,19106.2,-11.495099999999999,-16.318545063388935,1000000.0,-11.495099999999999,23730.25,-19.485888264978243
20250422,75266.0,803921.0,879187.0,18793.43,-12.0813,-17.688417076689536,1000000.0,-12.0813,23730.25,-20.803910620410658
20250423,75266.0,806138.0,881404.0,19639.14,-11.859599999999999,-13.98437109923503,1000000.0,-11.859599999999999,23730.25,-17.240062789056164
20250424,264322.0,607270.0,871592.0,19478.81,-12.8408,-14.686585441699085,1000000.0,-12.8408,23730.25,-17.91569831754827
20250425,64355.0,800995.0,865350.0,19872.73,-13.465,-12.961292147970887,1000000.0,-13.465,23730.25,-16.255707377714103
20250428,64355.0,806710.0,871065.0,20034.41,-12.8935,-12.253165067015422,1000000.0,-12.8935,23730.25,-15.574382907891826
20250429,64355.0,806475.0,870830.0,20232.63,-12.917000000000002,-11.384999864226005,1000000.0,-12.917000000000002,23730.25,-14.739077759399919
20250430,64355.0,809582.0,873938.0,20235.03,-12.606200000000001,-11.37448832913019,1000000.0,-12.606200000000001,23730.25,-14.72896408592409
20250502,64355.0,812174.0,876530.0,20787.64,-12.347,-8.954163575253402,1000000.0,-12.347,23730.25,-12.400248627806283
20250505,64355.0,811116.0,875471.0,20532.99,-12.4529,-10.069481246983408,1000000.0,-12.4529,23730.25,-13.473351523898813
20250506,64355.0,818317.0,882673.0,20522.59,-11.7327,-10.115031232398659,1000000.0,-11.7327,23730.25,-13.517177442294118
20250507,276167.0,604627.0,880794.0,20546.49,-11.9206,-10.010353862069387,1000000.0,-11.9206,23730.25,-13.416462110597227
20250508,76174.0,797180.0,873355.0,20543.4,-12.6645,-10.023887463505263,1000000.0,-12.6645,23730.25,-13.42948346519737
20250509,76174.0,810865.0,887040.0,20915.04,-11.296000000000001,-8.396176253916643,1000000.0,-11.296000000000001,23730.25,-11.863381127463887
20250512,279903.0,611816.0,891719.0,21129.54,-10.828100000000001,-7.456707804727214,1000000.0,-10.828100000000001,23730.25,-10.959471560560884
20250513,191326.0,709880.0,901207.0,21330.14,-9.8793,-6.578118662967782,1000000.0,-9.8793,23730.25,-10.114137019205446
20250514,117882.0,791385.0,909267.0,21782.87,-9.0733,-4.595248961328948,1000000.0,-9.0733,23730.25,-8.206318938907096
20250515,117882.0,788819.0,906702.0,21730.25,-9.3298,-4.825714368304924,1000000.0,-9.3298,23730.25,-8.428061229864834
20250516,117882.0,792179.0,910061.0,21843.69,-8.9939,-4.328869142775565,1000000.0,-8.9939,23730.25,-7.9500215969069075
20250519,308013.0,584717.0,892731.0,21523.83,-10.7269,-5.7297939826717315,1000000.0,-10.7269,23730.25,-9.297921429399176
20250520,108018.0,785203.0,893221.0,21526.03,-10.6779,-5.720158408833904,1000000.0,-10.6779,23730.25,-9.288650562046339
20250521,108018.0,785437.0,893455.0,21803.91,-10.6545,-4.5030978369888714,1000000.0,-10.6545,23730.25,-8.117655734768913
20250522,108018.0,777194.0,885212.0,21670.96,-11.4788,-5.085393083234724,1000000.0,-11.4788,23730.25,-8.677911105024181
20250523,108018.0,780131.0,888150.0,21652.24,-11.185,-5.167383056982154,1000000.0,-11.185,23730.25,-8.756797758135706
20250526,297178.0,589151.0,886328.0,21536.57,-11.3672,-5.6739952505380655,1000000.0,-11.3672,23730.25,-9.244234679364947
20250527,97178.0,782730.0,879908.0,21336.54,-12.0092,-6.55008790271224,1000000.0,-12.0092,23730.25,-10.087167223269873
20250528,97178.0,779595.0,876774.0,21357.72,-12.3226,-6.4573236054915775,1000000.0,-12.3226,23730.25,-9.997914054845603
20250529,97178.0,772140.0,869319.0,21347.3,-13.0681,-6.5029611870326285,1000000.0,-13.0681,23730.25,-10.041824253853207
20250602,658736.0,198233.0,856969.0,21002.71,-14.303099999999999,-8.012198636478715,1000000.0,-14.303099999999999,23730.25,-11.493937063452769
20250603,58884.0,802015.0,860899.0,21126.93,-13.9101,-7.468139099143927,1000000.0,-13.9101,23730.25,-10.97047018046586
20250604,58884.0,801069.0,859953.0,21618.09,-14.0047,-5.316953441783181,1000000.0,-14.0047,23730.25,-8.900706903635653
20250605,258489.0,601691.0,860180.0,21674.43,-13.982,-5.070195155408671,1000000.0,-13.982,23730.25,-8.663288418790362
20250606,59069.0,802358.0,861427.0,21660.66,-13.8573,-5.130505088020973,1000000.0,-13.8573,23730.25,-8.721315620357982
20250609,59069.0,805619.0,864688.0,21790.29,-13.531199999999998,-4.562750798657678,1000000.0,-13.531199999999998,23730.25,-8.175050831744288
20250610,59069.0,817801.0,876870.0,22242.14,-12.313,-2.5837353265539855,1000000.0,-12.313,23730.25,-6.270941098387082
20250611,59069.0,821605.0,880675.0,22470.1,-11.9325,-1.585314684702137,1000000.0,-11.9325,23730.25,-5.310310679407092
20250612,59069.0,819451.0,878521.0,22287.82,-12.1479,-2.3836657752301,1000000.0,-12.1479,23730.25,-6.078444179896969
20250613,249401.0,616475.0,865877.0,22072.95,-13.412299999999998,-3.324754752746798,1000000.0,-13.412299999999998,23730.25,-6.983912938127493
20250616,49418.0,817863.0,867281.0,22049.9,-13.2719,-3.425709287729622,1000000.0,-13.2719,23730.25,-7.081046343801682
20250617,49418.0,826243.0,875661.0,22211.59,-12.433900000000001,-2.717538408711264,1000000.0,-12.433900000000001,23730.25,-6.399679733673265
20250618,49418.0,823000.0,872419.0,22356.73,-12.7581,-2.081853323791203,1000000.0,-12.7581,23730.25,-5.788055330221976
20250619,49418.0,820042.0,869460.0,22003.5,-13.053999999999998,-3.6289322995822597,1000000.0,-13.053999999999998,23730.25,-7.276577364334552
20250620,49418.0,825396.0,874814.0,22045.74,-12.5186,-3.443929281895719,1000000.0,-12.5186,23730.25,-7.0985767111598
20250623,49418.0,819102.0,868520.0,21732.02,-13.148000000000001,-4.8179621111717505,1000000.0,-13.148000000000001,23730.25,-8.420602395676404
20250624,49418.0,828331.0,877750.0,22188.76,-12.225,-2.817529386310315,1000000.0,-12.225,23730.25,-6.495886052612179
20250625,49418.0,835167.0,884586.0,22430.61,-11.5414,-1.7582732350913615,1000000.0,-11.5414,23730.25,-5.476722748390764
20250626,49418.0,845068.0,894487.0,22492.34,-10.5513,-1.4879077928141444,1000000.0,-10.5513,23730.25,-5.216590638530989
20250627,160836.0,746811.0,907647.0,22580.08,-9.2353,-1.1036235889359065,1000000.0,-9.2353,23730.25,-4.846851592376812
20250630,330302.0,570203.0,900505.0,22256.02,-9.9495,-2.522943615249788,1000000.0,-9.9495,23730.25,-6.212450353451816
20250701,130315.0,779356.0,909671.0,22553.72,-9.032900000000001,-1.2190752827383955,1000000.0,-9.032900000000001,23730.25,-4.957933439386433
20250702,130315.0,779436.0,909752.0,22577.74,-9.024799999999999,-1.1138723356543372,1000000.0,-9.024799999999999,23730.25,-4.856712424015754
20250703,348295.0,565239.0,913534.0,22712.97,-8.6466,-0.5215911310674557,1000000.0,-8.6466,23730.25,-4.286849063958445
20250704,148304.0,765139.0,913443.0,22547.5,-8.6557,-1.2463176778617493,1000000.0,-8.6557,23730.25,-4.984144709811317
20250707,148304.0,759905.0,908209.0,22428.72,-9.1791,-1.7665510689793218,1000000.0,-9.1791,23730.25,-5.484687266252984
20250708,148304.0,755589.0,903894.0,22362.27,-9.6106,-2.0575891969450013,1000000.0,-9.6106,23730.25,-5.764709600615247
20250709,338092.0,562371.0,900463.0,22527.01,-9.9537,-1.3360599087423688,1000000.0,-9.9537,23730.25,-5.070490197111289
20250710,138115.0,760204.0,898318.0,22693.25,-10.168199999999999,-0.6079609111048293,1000000.0,-10.168199999999999,23730.25,-4.369949747684917
20250711,493456.0,411590.0,905046.0,22751.03,-9.4954,-0.35489570367282874,1000000.0,-9.4954,23730.25,-4.126463058754127
20250714,93483.0,807709.0,901192.0,22614.97,-9.8808,-0.9508121474803418,1000000.0,-9.8808,23730.25,-4.699824064221822
20250715,93483.0,811516.0,904999.0,22835.94,-9.5001,0.016993648404906875,1000000.0,-9.5001,23730.25,-3.7686497192402157
20250716,93483.0,811936.0,905419.0,23042.9,-9.4581,0.9234383581682956,1000000.0,-9.4581,23730.25,-2.896513943173791
20250717,93483.0,821238.0,914721.0,23113.28,-8.527899999999999,1.231689124853375,1000000.0,-8.527899999999999,23730.25,-2.5999304684948585
20250718,93483.0,822078.0,915560.0,23383.13,-8.444,2.413579852190296,1000000.0,-8.444,23730.25,-1.4627743070553363
20250721,93483.0,820561.0,914044.0,23340.56,-8.595600000000001,2.227131498428087,1000000.0,-8.595600000000001,23730.25,-1.6421655903330081
20250722,204942.0,711038.0,915981.0,22987.92,-8.4019,0.6826366083480725,1000000.0,-8.4019,23730.25,-3.128201346382789
20250723,5206.0,918047.0,923253.0,23318.67,-7.6747,2.131257538741563,1000000.0,-7.6747,23730.25,-1.7344107204938917
20250724,5206.0,925526.0,930733.0,23373.73,-6.926699999999999,2.372409673064972,1000000.0,-6.926699999999999,23730.25,-1.5023861948357073
20250725,5206.0,927506.0,932713.0,23364.38,-6.7287,2.3314584842541572,1000000.0,-6.7287,23730.25,-1.5417873810853193
20250728,328639.0,600582.0,929221.0,23412.98,-7.0779,2.544317069944623,1000000.0,-7.0779,23730.25,-1.33698549319961
20250729,128711.0,792637.0,921349.0,23201.52,-7.8651,1.6181632318765766,1000000.0,-7.8651,23730.25,-2.228084407033215
20250730,128711.0,790330.0,919042.0,23461.72,-8.0958,2.7577888285156917,1000000.0,-8.0958,23730.25,-1.1315936410277971
20250731,128711.0,784382.0,913094.0,23542.52,-8.6906,3.111677176741823,1000000.0,-8.6906,23730.25,-0.7910999673412609
20250801,128711.0,799068.0,927779.0,23434.38,-7.222099999999999,2.638044924549076,1000000.0,-7.222099999999999,23730.25,-1.24680523804005
20250804,128711.0,793417.0,922128.0,23378.94,-7.7871999999999995,2.39522846383549,1000000.0,-7.7871999999999995,23730.25,-1.480431095331913
20250805,128711.0,798667.0,927378.0,23660.59,-7.262200000000001,3.6288009053935513,1000000.0,-7.262200000000001,23730.25,-0.2935493726361916
20250806,128711.0,801531.0,930242.0,23447.36,-6.9758000000000004,2.6948948101923316,1000000.0,-6.9758000000000004,23730.25,-1.1921071206582292
20250807,128711.0,807347.0,936058.0,24003.77,-6.3942,5.131862827970841,1000000.0,-6.3942,24003.77,0.0
20250808,535596.0,397869.0,933465.0,24021.26,-6.653499999999999,5.208465639981662,1000000.0,-6.653499999999999,24021.26,0.0
20250811,513640.0,391912.0,905553.0,24135.5,-9.444700000000001,5.708814710542976,1000000.0,-9.444700000000001,24135.5,0.0
20250812,113657.0,786096.0,899753.0,24158.36,-10.024700000000001,5.808937082330719,1000000.0,-10.024700000000001,24158.36,0.0
20250813,302779.0,589470.0,892250.0,24370.02,-10.775,6.735966881656753,1000000.0,-10.775,24370.02,0.0
20250814,102812.0,800513.0,903325.0,24238.1,-9.6675,6.158182835889522,1000000.0,-9.6675,24370.02,-0.5413208524244211
20250815,102812.0,806109.0,908921.0,24334.48,-9.107899999999999,6.5803085661127305,1000000.0,-9.107899999999999,24370.02,-0.14583492340178986
20250818,102812.0,812822.0,915635.0,24482.52,-8.436499999999999,7.228695089273588,1000000.0,-8.436499999999999,24482.52,0.0
20250819,102812.0,807232.0,910044.0,24353.5,-8.9956,6.663612481747151,1000000.0,-8.9956,24482.52,-0.5269882348712487
20250820,102812.0,797647.0,900460.0,23625.44,-9.954,3.4748507143025966,1000000.0,-9.954,24482.52,-3.5007834160862594
20250821,102812.0,813843.0,916655.0,23962.13,-8.3345,4.9494876940582655,1000000.0,-8.3345,24482.52,-2.1255573364179807
20250822,102812.0,805935.0,908748.0,23764.47,-9.1252,4.083775182791214,1000000.0,-9.1252,24482.52,-2.9329088672244494
20250825,102812.0,814096.0,916908.0,24277.38,-8.3092,6.330221626957881,1000000.0,-8.3092,24482.52,-0.8379039412609461
20250826,102812.0,797442.0,900254.0,24305.1,-9.9746,6.451629857314659,1000000.0,-9.9746,24482.52,-0.7246803025178857
20250827,102812.0,791643.0,894456.0,24519.9,-10.5544,7.392412248391079,1000000.0,-10.5544,24519.9,0.0
20250828,102812.0,786884.0,889696.0,24236.45,-11.0304,6.150956155511151,1000000.0,-11.0304,24519.9,-1.1559998205539204
20250829,484955.0,395999.0,880954.0,24233.1,-11.9046,6.136283804439885,1000000.0,-11.9046,24519.9,-1.1696621927495745
20250901,467543.0,392364.0,859907.0,24071.73,-14.0093,5.4295144634343036,1000000.0,-14.0093,24519.9,-1.8277807005738271
20250902,67573.0,800945.0,868517.0,24016.78,-13.148299999999999,5.188844107802789,1000000.0,-13.148299999999999,24519.9,-2.051884387782995
20250903,67573.0,809255.0,876828.0,24100.3,-12.3172,5.554645529137528,1000000.0,-12.3172,24519.9,-1.7112630965052964
20250904,67573.0,816210.0,883783.0,24179.85,-11.6217,5.90305911950125,1000000.0,-11.6217,24519.9,-1.3868327358594565
20250905,261274.0,620775.0,882048.0,24494.58,-11.7952,7.2815155531301174,1000000.0,-11.7952,24519.9,-0.10326306387872589
20250908,61760.0,817926.0,879686.0,24547.38,-12.0314,7.512769325238282,1000000.0,-12.0314,24547.38,0.0
20250909,61760.0,836258.0,898018.0,24855.18,-10.1982,8.860873701277935,1000000.0,-10.1982,24855.18,0.0
20250910,61760.0,839439.0,901199.0,25192.59,-9.8801,10.338664141562342,1000000.0,-9.8801,25192.59,0.0
20250911,61760.0,836134.0,897894.0,25215.71,-10.2106,10.439925262985458,1000000.0,-10.2106,25215.71,0.0
20250912,61760.0,841487.0,903247.0,25474.64,-9.6753,11.573988505636363,1000000.0,-9.6753,25474.64,0.0
20250915,61760.0,841894.0,903654.0,25357.16,-9.6346,11.059448862695694,1000000.0,-9.6346,25474.64,-0.46116451498431205
20250916,61760.0,848432.0,910192.0,25629.64,-8.9808,12.252858480575112,1000000.0,-8.9808,25629.64,0.0
20250917,61760.0,839368.0,901128.0,25438.25,-9.8872,11.414607354745907,1000000.0,-9.8872,25629.64,-0.7467525880191818
20250918,61760.0,847761.0,909521.0,25769.36,-9.0479,12.864805015403775,1000000.0,-9.0479,25769.36,0.0
20250919,61760.0,832541.0,894301.0,25578.37,-10.5699,12.028305812090533,1000000.0,-10.5699,25769.36,-0.7411515070611051
20250922,254227.0,637444.0,891672.0,25880.6,-10.832799999999999,13.352014667095292,1000000.0,-10.832799999999999,25880.6,0.0
20250923,54239.0,842665.0,896903.0,26247.37,-10.3097,14.958396220051966,1000000.0,-10.3097,26247.37,0.0
20250924,165734.0,734783.0,900516.0,26196.73,-9.9484,14.736602829530046,1000000.0,-9.9484,26247.37,-0.19293361582512616
20250925,15.0,898453.0,898468.0,26023.85,-10.1532,13.979421918127391,1000000.0,-10.1532,26247.37,-0.8515900831207105
20250926,108872.0,790796.0,899668.0,25580.32,-10.0332,12.036846434355894,1000000.0,-10.0332,26247.37,-2.541397480966662
20250930,535614.0,372315.0,907928.0,25820.54,-9.2072,13.088963501322262,1000000.0,-9.2072,26247.37,-1.626181975565545
20251001,135710.0,772340.0,908050.0,25982.91,-9.195,13.800112648617771,1000000.0,-9.195,26247.37,-1.007567615345839
20251002,135710.0,771982.0,907692.0,26378.39,-9.2308,15.532238440158261,1000000.0,-9.2308,26378.39,0.0
20251003,135710.0,770659.0,906369.0,26761.06,-9.363100000000001,17.208258913124787,1000000.0,-9.363100000000001,26761.06,0.0
20251007,135710.0,781914.0,917624.0,27211.95,-8.2376,19.183069771190155,1000000.0,-8.2376,27211.95,0.0
20251008,135710.0,786605.0,922315.0,27063.68,-7.7685,18.533675892582618,1000000.0,-7.7685,27211.95,-0.5448709114929302
20251009,135710.0,786153.0,921863.0,27301.92,-7.8137,19.577120943094915,1000000.0,-7.8137,27301.92,0.0
20251013,135710.0,781006.0,916716.0,26923.42,-8.3284,17.91936426235739,1000000.0,-8.3284,27301.92,-1.3863493849516813
20251014,135710.0,780183.0,915893.0,26793.15,-8.4107,17.34880689696856,1000000.0,-8.4107,27301.92,-1.8634953146152242
20251015,135710.0,778408.0,914118.0,27275.71,-8.5882,19.46232622023592,1000000.0,-8.5882,27301.92,-0.09600057431857953
20251016,135710.0,785469.0,921179.0,27647.87,-7.8821,21.092314929095306,1000000.0,-7.8821,27647.87,0.0
20251017,135710.0,782686.0,918396.0,27302.37,-8.1604,19.579091855925384,1000000.0,-8.1604,27647.87,-1.24964418597165
20251020,135710.0,781773.0,917483.0,27688.63,-8.2517,21.270835833472752,1000000.0,-8.2517,27688.63,0.0
20251021,135710.0,786343.0,922053.0,27752.41,-7.794700000000001,21.55017987864432,1000000.0,-7.794700000000001,27752.41,0.0
20251022,135710.0,789237.0,924947.0,27648.91,-7.505299999999999,21.09686992763683,1000000.0,-7.505299999999999,27752.41,-0.3729405842591689
20251023,334115.0,591546.0,925660.0,27532.26,-7.434,20.585965523916794,1000000.0,-7.434,27752.41,-0.7932644408179378
20251027,134123.0,785825.0,919948.0,27993.63,-8.0052,22.606676751900615,1000000.0,-8.0052,27993.63,0.0
20251028,310557.0,610479.0,921036.0,27949.11,-7.896400000000001,22.411687775873045,1000000.0,-7.896400000000001,27993.63,-0.1590361807311179
20251029,110565.0,805132.0,915696.0,28294.74,-8.4304,23.92548022386066,1000000.0,-8.4304,28294.74,0.0
20251030,110565.0,805429.0,915994.0,28287.53,-8.400599999999999,23.893901820510273,1000000.0,-8.400599999999999,28294.74,-0.025481767989395783
20251031,517898.0,395983.0,913881.0,28233.35,-8.6119,23.656603915722002,1000000.0,-8.6119,28294.74,-0.21696612161837517
20251103,118218.0,792920.0,911138.0,28334.59,-8.886199999999999,24.10001550451426,1000000.0,-8.886199999999999,28334.59,0.0
20251104,307338.0,597735.0,905073.0,28116.56,-9.4927,23.14508633912139,1000000.0,-9.4927,28334.59,-0.7694835182016003
20251105,296279.0,604594.0,900873.0,27717.06,-9.912700000000001,21.395353726295394,1000000.0,-9.912700000000001,28334.59,-2.179420983328147
20251106,96316.0,810027.0,906343.0,27899.45,-9.3657,22.19418659551525,1000000.0,-9.3657,28334.59,-1.5357201215898992
20251107,96316.0,812213.0,908529.0,27651.41,-9.1471,21.10781944336165,1000000.0,-9.1471,28334.59,-2.411116589299511
20251110,96316.0,808854.0,905171.0,27869.51,-9.482899999999999,22.063055195194814,1000000.0,-9.482899999999999,28334.59,-1.6413860232316817
20251111,96316.0,810462.0,906778.0,27784.95,-9.3222,21.69269877531856,1000000.0,-9.3222,28334.59,-1.9398198456374325
20251112,96316.0,812246.0,908562.0,27947.09,-9.1438,22.402840567167388,1000000.0,-9.1438,28334.59,-1.3675864023442725
20251113,288284.0,615255.0,903540.0,27903.56,-9.646,22.212187599366853,1000000.0,-9.646,28334.59,-1.5212148825869682
20251114,88290.0,812454.0,900745.0,27397.5,-9.9255,19.995742828286183,1000000.0,-9.9255,28334.59,-3.307229785220115
20251117,88290.0,809862.0,898153.0,27447.31,-10.1847,20.213900979587475,1000000.0,-10.1847,28334.59,-3.1314375821213534
20251118,88290.0,804177.0,892467.0,26756.12,-10.753300000000001,17.186622670052536,1000000.0,-10.753300000000001,28334.59,-5.57082350582804
20251119,88290.0,797455.0,885745.0,26580.12,-11.4255,16.415776763025313,1000000.0,-11.4255,28334.59,-6.191972426634729
20251120,88290.0,804061.0,892352.0,27426.36,-10.7648,20.12214403781349,1000000.0,-10.7648,28334.59,-3.2053754792287434
20251121,486721.0,396149.0,882870.0,26434.94,-11.713,15.77991648585365,1000000.0,-11.713,28334.59,-6.704349701195611
20251124,86810.0,801939.0,888749.0,26504.24,-11.1251,16.083437061745634,1000000.0,-11.1251,28334.59,-6.459772313627966
20251125,285227.0,607367.0,892594.0,26912.17,-10.7406,17.870091441595708,1000000.0,-10.7406,28334.59,-5.020083226896884
20251126,85287.0,812684.0,897971.0,27409.54,-10.2029,20.04847569601691,1000000.0,-10.2029,28334.59,-3.264737552228563
20251127,85287.0,811340.0,896626.0,27554.53,-10.337399999999999,20.683503809993482,1000000.0,-10.337399999999999,28334.59,-2.753030836161742
20251128,85287.0,816365.0,901652.0,27626.48,-9.834800000000001,20.998630872553758,1000000.0,-9.834800000000001,28334.59,-2.4991009222296867
20251201,85287.0,824176.0,909463.0,27342.53,-9.053700000000001,19.75498487652887,1000000.0,-9.053700000000001,28334.59,-3.501232945315254
20251202,85287.0,823679.0,908966.0,27564.27,-9.1034,20.72616312325738,1000000.0,-9.1034,28334.59,-2.718655890203457
20251203,85287.0,829944.0,915231.0,27793.04,-8.4769,21.728131408204074,1000000.0,-8.4769,28334.59,-1.9112681708117154
20251204,85287.0,820569.0,905855.0,27795.71,-9.4145,21.739825490998175,1000000.0,-9.4145,28334.59,-1.9018450593426657
20251205,279199.0,622313.0,901512.0,27980.89,-9.8488,22.55087801976693,1000000.0,-9.8488,28334.59,-1.248297575507536
20251208,79205.0,825904.0,905109.0,28303.78,-9.4891,23.96507367272159,1000000.0,-9.4891,28334.59,-0.10873635369349376
20251209,79205.0,820406.0,899610.0,28182.6,-10.039,23.434328746508186,1000000.0,-10.039,28334.59,-0.5364115026898275
20251210,79205.0,815963.0,895168.0,28400.73,-10.4832,24.389695892530057,1000000.0,-10.4832,28400.73,0.0
20251211,485151.0,409416.0,894567.0,28024.75,-10.5433,22.742976323643152,1000000.0,-10.5433,28400.73,-1.3238392111752042
20251212,85158.0,813307.0,898465.0,28198.02,-10.1535,23.501865359498876,1000000.0,-10.1535,28400.73,-0.7137492592619947
20251215,85158.0,816834.0,901992.0,27866.94,-9.8008,22.0517990930297,1000000.0,-9.8008,28400.73,-1.879493942585282
20251216,85158.0,818541.0,903699.0,27536.66,-9.6301,20.60523667159248,1000000.0,-9.6301,28400.73,-3.0424217969045153
20251217,389512.0,522302.0,911814.0,27525.17,-8.8186,20.55491269732121,1000000.0,-8.8186,28400.73,-3.0828785034750914
20251218,67.0,912479.0,912546.0,27468.53,-8.7454,20.306840469059722,1000000.0,-8.7454,28400.73,-3.2823099969613483
20251219,67.0,918267.0,918334.0,27696.35,-8.1666,21.304647938030982,1000000.0,-8.1666,28400.73,-2.480147517334945
20251222,67.0,918450.0,918518.0,28149.64,-8.1482,23.289970331192183,1000000.0,-8.1482,28400.73,-0.8840969932815113
20251223,108184.0,807092.0,915277.0,28310.47,-8.4723,23.994374576801214,1000000.0,-8.4723,28400.73,-0.3178087323811691
20251224,108184.0,807284.0,915468.0,28371.98,-8.453199999999999,24.263776461694643,1000000.0,-8.453199999999999,28400.73,-0.10122979233280271
20251226,108184.0,815949.0,924134.0,28556.02,-7.586600000000001,25.06983601129289,1000000.0,-7.586600000000001,28556.02,0.0
20251229,108184.0,814323.0,922507.0,28810.89,-7.749300000000001,26.18611724040668,1000000.0,-7.749300000000001,28810.89,0.0
20251230,108184.0,809663.0,917847.0,28707.13,-8.215300000000001,25.73166853976382,1000000.0,-8.215300000000001,28810.89,-0.36014159923556127
20251231,108184.0,801261.0,909446.0,28963.6,-9.055399999999999,26.85495745894149,1000000.0,-9.055399999999999,28963.6,0.0
20260102,108184.0,801385.0,909569.0,29349.81,-9.043099999999999,28.54648244617437,1000000.0,-9.043099999999999,29349.81,0.0
20260105,300786.0,603848.0,904634.0,30105.04,-9.5366,31.85424355051624,1000000.0,-9.5366,30105.04,0.0
20260106,100795.0,799663.0,900458.0,30576.3,-9.9542,33.918271062707426,1000000.0,-9.9542,30576.3,0.0
20260107,286991.0,606255.0,893247.0,30435.47,-10.6753,33.30146294289696,1000000.0,-10.6753,30576.3,-0.4605854861444913
20260108,87013.0,800121.0,887134.0,30360.55,-11.2866,32.97332785565559,1000000.0,-11.2866,30576.3,-0.7056118627826127
20260109,87013.0,798360.0,885374.0,30288.96,-11.4626,32.659777523359686,1000000.0,-11.4626,30576.3,-0.9397474514575019
20260112,493786.0,390080.0,883866.0,30567.29,-11.6134,33.87880900803519,1000000.0,-11.6134,30576.3,-0.029467267131727516
20260113,93794.0,786665.0,880459.0,30707.22,-11.954099999999999,34.49167530218473,1000000.0,-11.954099999999999,30707.22,0.0
20260114,93794.0,787675.0,881469.0,30941.78,-11.8531,35.5190026655501,1000000.0,-11.8531,30941.78,0.0
20260115,476446.0,404206.0,880652.0,30810.58,-11.9348,34.94437208031163,1000000.0,-11.9348,30941.78,-0.4240221474006896
20260116,76490.0,806183.0,882673.0,31408.7,-11.7327,37.56402181844301,1000000.0,-11.7327,31408.7,0.0
20260119,76490.0,808509.0,884999.0,31639.29,-11.5001,38.57396135083737,1000000.0,-11.5001,31639.29,0.0
20260120,76490.0,793655.0,870145.0,31759.99,-12.9855,39.102603970031616,1000000.0,-12.9855,31759.99,0.0
20260121,76490.0,788571.0,865061.0,31246.37,-13.4939,36.853047863399084,1000000.0,-13.4939,31759.99,-1.6171919449596888
20260122,76490.0,801823.0,878313.0,31746.08,-12.168700000000001,39.041680864538726,1000000.0,-12.168700000000001,31759.99,-0.04379724300920704
20260123,76490.0,805396.0,881886.0,31961.51,-11.811399999999999,39.98522253357777,1000000.0,-11.811399999999999,31961.51,0.0
20260126,299475.0,622365.0,921840.0,32064.52,-7.815999999999999,40.436386379503205,1000000.0,-7.815999999999999,32064.52,0.0
20260127,338388.0,589762.0,928149.0,32317.92,-7.1851,41.54622929337079,1000000.0,-7.1851,32317.92,0.0
20260128,138391.0,786280.0,924671.0,32803.82,-7.5329,43.67437716964653,1000000.0,-7.5329,32803.82,0.0
20260129,138391.0,794716.0,933107.0,32536.27,-6.689299999999999,42.502559996776455,1000000.0,-6.689299999999999,32803.82,-0.8156062312255075
20260130,330050.0,595134.0,925185.0,32063.75,-7.4815000000000005,40.43301392865995,1000000.0,-7.4815000000000005,32803.82,-2.2560482285294814
20260202,697520.0,213528.0,911048.0,31624.03,-8.8952,38.50712550685307,1000000.0,-8.8952,32803.82,-3.596501870818706
20260203,98629.0,816681.0,915310.0,32195.36,-8.469,41.0094402344773,1000000.0,-8.469,32803.82,-1.8548449540327898
20260204,98629.0,828246.0,926875.0,32289.81,-7.3125,41.423112938560955,1000000.0,-7.3125,32803.82,-1.5669211695467127
20260205,98629.0,822000.0,920629.0,31801.27,-7.9371,39.28340237367981,1000000.0,-7.9371,32803.82,-3.056198942684112
20260206,98629.0,811233.0,909862.0,31782.92,-9.0138,39.20303292825963,1000000.0,-9.0138,32803.82,-3.1121375498341397
20260209,98629.0,816706.0,915334.0,32404.62,-8.4666,41.9259584987075,1000000.0,-8.4666,32803.82,-1.2169314427405125
20260210,98629.0,824939.0,923568.0,33072.97,-7.6432,44.853202032580505,1000000.0,-7.6432,33072.97,0.0
20260211,287785.0,629936.0,917721.0,33605.71,-8.2279,47.18650003547642,1000000.0,-8.2279,33605.71,0.0
20260223,199287.0,718224.0,917511.0,33773.26,-8.2489,47.920336579353766,1000000.0,-8.2489,33773.26,0.0
20260224,22.0,925650.0,925672.0,34700.82,-7.4328,51.982869701638826,1000000.0,-7.4328,34700.82,0.0
20260225,22.0,949315.0,949337.0,35413.07,-5.0663,55.10238673163962,1000000.0,-5.0663,35413.07,0.0
20260226,229520.0,728094.0,957614.0,35414.49,-4.2386,55.108606056571304,1000000.0,-4.2386,35414.49,0.0
20260302,29531.0,918940.0,948471.0,35095.09,-5.1529,53.70969592756849,1000000.0,-5.1529,35414.49,-0.9018907232604549
20260303,149272.0,799464.0,948736.0,34323.65,-5.126399999999999,50.330938163266914,1000000.0,-5.126399999999999,35414.49,-3.0802081294972665
20260304,532048.0,391532.0,923581.0,32828.88,-7.6419,43.78413511527211,1000000.0,-7.6419,35414.49,-7.300994592891217
20260305,321236.0,595524.0,916760.0,33672.94,-8.324,47.480954412348254,1000000.0,-8.324,35414.49,-4.91761987819109
20260306,121278.0,805389.0,926667.0,33599.54,-7.3332999999999995,47.15947663066758,1000000.0,-7.3332999999999995,35414.49,-5.1248796749578975
20260309,310421.0,593505.0,903926.0,32110.42,-9.6074,40.63741948821086,1000000.0,-9.6074,35414.49,-9.329712216666115
20260310,110478.0,798730.0,909208.0,32771.87,-9.0792,43.534442358683364,1000000.0,-9.0792,35414.49,-7.461973898254628
20260311,110478.0,802833.0,913311.0,34114.19,-8.6689,49.41354393777872,1000000.0,-8.6689,35414.49,-3.671660950080026
20260312,110478.0,804088.0,914566.0,33581.86,-8.5434,47.08204165546165,1000000.0,-8.5434,35414.49,-5.174802743170938
20260313,221960.0,701006.0,922966.0,33400.32,-7.7034,46.28693162158823,1000000.0,-7.7034,35414.49,-5.687417777299626
20260316,403029.0,514664.0,917693.0,33342.51,-8.2307,46.03373501996754,1000000.0,-8.2307,35414.49,-5.850656045025627
20260317,3053.0,919295.0,922348.0,33836.57,-7.7652,48.19762211556906,1000000.0,-7.7652,35414.49,-4.455577363954693
20260318,3053.0,918610.0,921664.0,34348.58,-7.833600000000001,50.44012673407481,1000000.0,-7.833600000000001,35414.49,-3.0098132148733368
20260319,3053.0,915195.0,918248.0,33689.68,-8.1752,47.55427236964162,1000000.0,-8.1752,35414.49,-4.870351090754089
20260320,3053.0,926027.0,929080.0,33543.88,-7.092,46.9156966125702,1000000.0,-7.092,35414.49,-5.282046981334478
20260323,118440.0,800273.0,918713.0,32722.5,-8.1287,43.31821132214964,1000000.0,-8.1287,35414.49,-7.601380113055413
20260324,316479.0,603581.0,920061.0,32612.24,-7.9939,42.83529388062225,1000000.0,-7.9939,35414.49,-7.912721600678132
20260325,116697.0,796792.0,913489.0,33439.11,-8.6511,46.45682430757452,1000000.0,-8.6511,35414.49,-5.577886339743979
20260326,116697.0,793473.0,910170.0,33337.62,-8.982999999999999,46.012317767209794,1000000.0,-8.982999999999999,35414.49,-5.8644639524669016
20260327,116697.0,797389.0,914086.0,33112.59,-8.5914,45.0267299577874,1000000.0,-8.5914,35414.49,-6.499881828031412
20260330,305651.0,599076.0,904728.0,32518.16,-9.527199999999999,42.423241704865866,1000000.0,-9.527199999999999,35414.49,-8.178375574517657
20260331,105664.0,796001.0,901665.0,31722.99,-9.8335,38.9405511373043,1000000.0,-9.8335,35414.49,-10.423699451834537
20260401,105664.0,805585.0,911248.0,33174.82,-8.8752,45.2992853032096,1000000.0,-8.8752,35414.49,-6.324162793252136
20260402,105664.0,802569.0,908232.0,32572.43,-9.1768,42.66093379222023,1000000.0,-9.1768,35414.49,-8.025133215246068
20260407,105664.0,800912.0,906575.0,33229.82,-9.3425,45.54017464915561,1000000.0,-9.3425,35414.49,-6.1688591308246945
20260408,307473.0,599388.0,906862.0,34761.38,-9.3138,52.24811077055682,1000000.0,-9.3138,35414.49,-1.8441886357815702
20260409,107483.0,809292.0,916775.0,34861.16,-8.3225,52.685127842165805,1000000.0,-8.3225,35414.49,-1.562439555108642
20260410,107483.0,803983.0,911465.0,35417.83,-8.8535,55.12323460957968,1000000.0,-8.8535,35417.83,0.0
20260413,107483.0,812870.0,920353.0,35457.29,-7.9647,55.296061765780216,1000000.0,-7.9647,35457.29,0.0
20260414,107483.0,812859.0,920342.0,36296.12,-7.965800000000001,58.96997467596003,1000000.0,-7.965800000000001,36296.12,0.0
20260415,513777.0,401964.0,915740.0,36722.14,-8.426,60.83585975159489,1000000.0,-8.426,36722.14,0.0
20260416,113835.0,803918.0,917753.0,37132.02,-8.2247,62.63105475371032,1000000.0,-8.2247,37132.02,0.0
20260417,113835.0,803958.0,917793.0,36804.34,-8.2207,61.19587982862692,1000000.0,-8.2207,37132.02,-0.8824728630438105
20260420,113835.0,803775.0,917610.0,36958.8,-8.239,61.87238470816913,1000000.0,-8.239,37132.02,-0.4664976481214701
20260421,113835.0,808530.0,922364.0,37605.11,-7.763599999999999,64.70309731141211,1000000.0,-7.763599999999999,37605.11,0.0
20260422,113835.0,807467.0,921302.0,37878.47,-7.869800000000001,65.90036115882666,1000000.0,-7.869800000000001,37878.47,0.0
20260423,304511.0,618649.0,923160.0,37714.15,-7.684,65.18067138926578,1000000.0,-7.684,37878.47,-0.43380844052043205
20260424,104527.0,804756.0,909282.0,38932.4,-9.0718,70.51637040196987,1000000.0,-9.0718,38932.4,0.0
20260427,104527.0,817599.0,922126.0,39616.63,-7.7874,73.51316525972688,1000000.0,-7.7874,39616.63,0.0
20260428,301114.0,602910.0,904024.0,39521.73,-9.5976,73.0975216428128,1000000.0,-9.5976,39616.63,-0.23954586748038434
20260429,290264.0,609890.0,900154.0,39303.5,-9.9846,72.1417165161619,1000000.0,-9.9846,39616.63,-0.7904003949856346
20260430,90371.0,797365.0,887737.0,38926.63,-11.2263,70.49109891967696,1000000.0,-11.2263,39616.63,-1.7416928194043766
20260504,90371.0,812883.0,903254.0,40705.14,-9.6746,78.28062820437577,1000000.0,-9.6746,40705.14,0.0
20260505,285076.0,623090.0,908167.0,40769.29,-9.1833,78.56159277787461,1000000.0,-9.1833,40769.29,0.0
20260506,324027.0,602659.0,926686.0,41138.85,-7.3314,80.18019399038018,1000000.0,-7.3314,41138.85,0.0
20260507,313194.0,606984.0,920178.0,41933.78,-7.982200000000001,83.66183340443217,1000000.0,-7.982200000000001,41933.78,0.0
20260508,113201.0,808933.0,922134.0,41603.94,-7.786600000000001,82.21719809776253,1000000.0,-7.786600000000001,41933.78,-0.786573497547792
20260511,113201.0,812105.0,925306.0,41790.06,-7.469399999999999,83.03236764444381,1000000.0,-7.469399999999999,41933.78,-0.3427308484949393
20260512,113201.0,793143.0,906344.0,41898.32,-9.3656,83.50652547339135,1000000.0,-9.3656,41933.78,-0.08456189735339653
20260513,113201.0,794129.0,907330.0,41374.5,-9.267,81.21229534260158,1000000.0,-9.267,41933.78,-1.3337218824537136
20260514,113201.0,789931.0,903132.0,41751.75,-9.6868,82.8645772654767,1000000.0,-9.6868,41933.78,-0.4340891758386648
20260515,491386.0,401554.0,892940.0,41172.36,-10.706,80.32696129915566,1000000.0,-10.706,41933.78,-1.815767622189076
20260518,91641.0,813997.0,905638.0,40891.82,-9.4362,79.09825044257941,1000000.0,-9.4362,41933.78,-2.484774804465515
20260519,91641.0,824039.0,915680.0,40175.56,-8.432,75.961170389356,1000000.0,-8.432,41933.78,-4.192848820211298
20260520,202828.0,713759.0,916587.0,40020.82,-8.3413,75.28343916405265,1000000.0,-8.3413,41933.78,-4.561859198002181
20260521,2829.0,910300.0,913130.0,41368.21,-8.687000000000001,81.18474636103792,1000000.0,-8.687000000000001,41933.78,-1.348721722677993
20260522,122377.0,813462.0,935839.0,42267.97,-6.416099999999999,85.12552086846303,1000000.0,-6.416099999999999,42267.97,0.0
20260525,313582.0,616310.0,929892.0,43644.4,-7.010800000000001,91.15401764010781,1000000.0,-7.010800000000001,43644.4,0.0
20260526,113589.0,810331.0,923920.0,43525.37,-7.608,90.63268929741776,1000000.0,-7.608,43644.4,-0.27272685613732534
20260527,321075.0,620568.0,941643.0,44256.8,-5.8357,93.83621101205935,1000000.0,-5.8357,44256.8,0.0
20260528,232662.0,718880.0,951542.0,43636.44,-4.8458000000000006,91.11915438204,1000000.0,-4.8458000000000006,44256.8,-1.4017280960214036
20260529,152146.0,808762.0,960907.0,44732.94,-3.9093000000000004,95.92161197894539,1000000.0,-3.9093000000000004,44732.94,0.0
20260601,263636.0,711594.0,975230.0,45337.91,-2.477,98.57126339016278,1000000.0,-2.477,45337.91,0.0
20260602,63658.0,936354.0,1000013.0,45557.31,0.0013,99.53219289017284,1000013.0,0.0,45557.31,0.0
20260603,294634.0,723648.0,1018283.0,46459.16,1.8283,103.48212119274389,1018283.0,0.0,46459.16,0.0
20260604,214128.0,810125.0,1024253.0,45677.46,2.4253,100.05842661590762,1024253.0,0.0,46459.16,-1.6825530207606083
20260605,14135.0,1002944.0,1017079.0,45070.94,1.7079,97.40198650494087,1024253.0,-0.7004128862693104,46459.16,-2.9880436925678406
20260608,203205.0,793172.0,996376.0,43502.78,-0.3624,90.53374947332827,1024253.0,-2.7216908322455486,46459.16,-6.363395291692757
20260609,3212.0,1015346.0,1018558.0,44704.44,1.8558000000000001,95.79678749968247,1024253.0,-0.5560149689578648,46459.16,-3.7769085794921846
20260610,3212.0,1031498.0,1034710.0,43225.54,3.4709999999999996,89.31949197750882,1034710.0,0.0,46459.16,-6.960134449266846
20260611,3212.0,1028286.0,1031497.0,43149.46,3.1496999999999997,88.98627631497112,1034710.0,-0.3105217887137459,46459.16,-7.123891176680776
20260612,212376.0,820504.0,1032879.0,44169.04,3.2879,93.45183921205532,1034710.0,-0.17695779493771202,46459.16,-4.929318567102811
20260615,12391.0,1014150.0,1026542.0,45396.99,2.6542,98.83002234577167,1034710.0,-0.7893999284823767,46459.16,-2.286244520994365
20260616,12391.0,1012140.0,1024531.0,45809.19,2.4531,100.63537849847977,1034710.0,-0.9837539020595143,46459.16,-1.3990136713621193
20260617,12391.0,1018383.0,1030774.0,45877.39,3.0774,100.9340812874528,1034710.0,-0.3803964395821051,46459.16,-1.2522180771240894
20260618,12391.0,1020733.0,1033125.0,46465.2,3.3125,103.50857522273502,1034710.0,-0.15318301746383045,46465.2,0.0
20260622,12391.0,1020184.0,1032576.0,47741.51,3.2576,109.0985657886323,1034710.0,-0.20624136231407833,47741.51,0.0
20260623,12391.0,1014690.0,1027081.0,47100.65,2.7081,106.2917231296694,1034710.0,-0.7373080380009858,47741.51,-1.3423538551671292
20260624,12391.0,1010202.0,1022593.0,46043.6,2.2592999999999996,101.66204889090164,1034710.0,-1.171052758743996,47741.51,-3.5564648038991717
20260625,12391.0,1016862.0,1029253.0,46255.26,2.9253,102.58907869022768,1034710.0,-0.527394149085251,47741.51,-3.1131189608372254
20260626,224034.0,791093.0,1015126.0,44571.76,1.5126,95.2156748011349,1034710.0,-1.8927042359694988,47741.51,-6.63940038762913
20260629,213180.0,799662.0,1012842.0,44999.9,1.2842,97.09084506610441,1034710.0,-2.1134424138164314,47741.51,-5.742612665581798
20260630,207752.0,801719.0,1009471.0,46125.91,0.9471,102.02255074662558,1034710.0,-2.4392341815581178,47741.51,-3.3840571862934343
20260701,7757.0,995899.0,1003657.0,47018.99,0.3657,105.93406814803392,1034710.0,-3.0011307516115626,47741.51,-1.5133999741524808
20260702,7757.0,1007929.0,1015687.0,46744.16,1.5687,104.7303659853732,1034710.0,-1.8384861458766226,47741.51,-2.0890625369830125
20260703,322212.0,722921.0,1045133.0,46780.62,4.5133,104.89005372270395,1045133.0,0.0,47741.51,-2.01269293744584
20260706,241729.0,810012.0,1051742.0,46556.39,5.1742,103.90796975831351,1051742.0,0.0,47741.51,-2.4823680692127303
20260707,245330.0,790378.0,1035708.0,45479.11,3.5707999999999998,99.18969203830052,1051742.0,-1.5245183704748884,47741.51,-4.738853044237606
20260708,45347.0,986174.0,1031521.0,45734.41,3.1521,100.30785658411901,1051742.0,-1.9226198059980488,47741.51,-4.204098278416411
20260709,423663.0,600713.0,1024376.0,45354.61,2.4375999999999998,98.64440615520455,1051742.0,-2.60196892393762,47741.51,-4.999632395372499
20260713,212847.0,798033.0,1010880.0,45380.52,1.088,98.75788693617656,1051742.0,-3.8851733600065415,47741.51,-4.94536096575078
20260714,12863.0,1005445.0,1018307.0,44737.95,1.8307,95.9435548084579,1051742.0,-3.1790115826885303,47741.51,-6.291296609596146
20260715,12863.0,1003049.0,1015911.0,45631.59,1.5911000000000002,99.85752490138864,1051742.0,-3.406824107052871,47741.51,-4.41946641402839
20260716,12863.0,1027160.0,1040022.0,45624.98,4.0022,99.82857438181225,1051742.0,-1.1143417301961889,47741.51,-4.43331180769104
20260717,314224.0,722055.0,1036280.0,42671.27,3.628,86.89189674519073,1051742.0,-1.4701324088987604,47741.51,-10.620191946170126
20260720,219677.0,822131.0,1041808.0,42449.7,4.1808,85.92146306553151,1051742.0,-0.9445282207993976,47741.51,-11.084295406659749
20260721,19762.0,1030184.0,1049946.0,44232.87,4.9946,93.7314022475414,1051742.0,-0.17076431292084943,47741.51,-7.3492438760315695
20260722,19762.0,1018332.0,1038093.0,44825.78,3.8093000000000004,96.32823319490224,1051742.0,-1.297751729987012,47741.51,-6.10732672678347
20260723,19762.0,1013319.0,1033081.0,44850.81,3.3081,96.43785974633911,1051742.0,-1.7742944562449725,47741.51,-6.054898556832417
20260724,19762.0,1023361.0,1043122.0,43654.84,4.3122,91.19974281777463,1051742.0,-0.8195926377381525,47741.51,-8.55999317993923
20260727,19762.0,1036490.0,1056251.0,43634.19,5.625100000000001,91.10929981788766,1056251.0,0.0,47741.51,-8.603246943802153
20260728,19762.0,1031724.0,1051486.0,41603.36,5.1486,82.21465781011436,1056251.0,-0.4511238332555425,47741.51,-12.857050394928859
20260729,19762.0,1037744.0,1057506.0,40039.18,5.7506,75.36385240753572,1057506.0,0.0,47741.51,-16.133402567283696
20260730,19762.0,1044812.0,1064573.0,39933.3,6.457300000000001,74.90011851755821,1064573.0,0.0,47741.51,-16.355180219477763
20260731,131262.0,943058.0,1074320.0,43119.75,7.4319999999999995,88.85615227009738,1074320.0,0.0,47741.51,-9.680799790371108
20260803,340977.0,729153.0,1070130.0,43386.41,7.013,90.02407141536945,1074320.0,-0.39001414848462285,47741.51,-9.122250217892141
20260804,251915.0,816896.0,1068811.0,43360.66,6.8811,89.91129140340381,1074320.0,-0.5127894854419539,47741.51,-9.176186509391929
20260805,51994.0,1018255.0,1070249.0,44611.6,7.024900000000001,95.39016628372559,1074320.0,-0.37893737433911684,47741.51,-6.555950995265972
20260806,243556.0,816490.0,1060046.0,44396.7,6.0046,94.44894591202018,1074320.0,-1.3286544046466602,47741.51,-7.006083385297207
20260807,253964.0,820314.0,1074278.0,44225.91,7.4277999999999995,93.70091879576351,1074320.0,-0.00390944969841388,47741.51,-7.363822384335976
20260810,53981.0,1027951.0,1081932.0,44928.76,8.193200000000001,96.77926564663898,1081932.0,0.0,47741.51,-5.891623453049558
20260811,53981.0,1014081.0,1068062.0,45120.72,6.8062,97.62001326205343,1081932.0,-1.2819659645892718,47741.51,-5.4895414912515355
20260812,53981.0,1017358.0,1071339.0,45518.07,7.1339,99.36032929135608,1081932.0,-0.9790818646643227,47741.51,-4.657246911545115
20260813,53981.0,1012365.0,1066345.0,46021.48,6.6345,101.56516757576846,1081932.0,-1.4406635537168695,47741.51,-3.6027976492574254
20260814,250770.0,805339.0,1056109.0,45811.01,5.6109,100.64334974592744,1081932.0,-2.3867488899487213,47741.51,-4.043650902537435
20260817,50867.0,1021347.0,1072214.0,45857.27,7.2214,100.84595958489946,1081932.0,-0.8982080204670904,47741.51,-3.946754093031421
20260818,50867.0,1029689.0,1080556.0,45308.68,8.0556,98.44324165230819,1081932.0,-0.12717989670330482,47741.51,-5.095837982502023
20260819,162316.0,933359.0,1095675.0,44719.35,9.567499999999999,95.86209041146526,1095675.0,0.0,47741.51,-6.330256416271716
20260820,273766.0,839888.0,1113654.0,44933.74,11.365400000000001,96.80107708196279,1113654.0,0.0,47741.51,-5.88119227900417
20260821,393273.0,728118.0,1121391.0,45224.29,12.1391,98.07362979950122,1121391.0,0.0,47741.51,-5.272602395692974
20260824,193296.0,922202.0,1115498.0,44762.32,11.549800000000001,96.05029068774344,1121391.0,-0.5255080520532089,47741.51,-6.2402508843980895
20260825,304565.0,811427.0,1115992.0,45169.46,11.5992,97.8334850206245,1121391.0,-0.4814556207424529,47741.51,-5.3874500408554375
20260826,104668.0,1020035.0,1124703.0,45832.62,12.4703,100.73799735985276,1124703.0,0.0,47741.51,-3.998386309942856
20260827,104668.0,1015027.0,1119695.0,45975.22,11.9695,101.3625577367964,1124703.0,-0.4452731076559767,47741.51,-3.699694458763455
20260828,104668.0,1017968.0,1122636.0,46331.45,12.2636,102.92277613145724,1124703.0,-0.18378185174219328,47741.51,-2.9535303763957295
20260831,104668.0,1023068.0,1127736.0,46128.47,12.773599999999998,102.03376305072777,1127736.0,0.0,47741.51,-3.3786949763423926
20260901,309947.0,830122.0,1140069.0,46948.72,14.0069,105.62629916004073,1140069.0,0.0,47741.51,-1.6605884480821842
20260902,221444.0,925828.0,1147272.0,46164.72,14.727199999999998,102.19253102873766,1147272.0,0.0,47741.51,-3.3027652455902645
20260903,432397.0,721047.0,1153444.0,45857.66,15.3444,100.84766770935256,1153444.0,0.0,47741.51,-3.9459371938591774
20260904,428702.0,724153.0,1152855.0,46551.13,15.285499999999999,103.88493197722848,1153444.0,-0.0510644643346361,47741.51,-2.4933857349715263
20260907,228709.0,921199.0,1149908.0,47326.27,14.990800000000002,107.27989502480281,1153444.0,-0.3065601797746575,47741.51,-0.8697672109658978
20260908,417862.0,728656.0,1146518.0,47105.78,14.651800000000001,106.31419153593673,1153444.0,-0.6004626145699314,47741.51,-1.3316084891324198
20260909,217947.0,928153.0,1146100.0,47183.36,14.610000000000001,106.6539769079093,1153444.0,-0.6367019118396732,47741.51,-1.1691083922565528
20260910,217947.0,929011.0,1146958.0,46940.49,14.6958,105.59025335427464,1153444.0,-0.5623159858649401,47741.51,-1.6778271152295017
20260911,217947.0,942160.0,1160107.0,46184.85,16.0107,102.28069652935388,1160107.0,0.0,47741.51,-3.2606006806236403
20260914,337403.0,830332.0,1167735.0,45862.52,16.7735,100.86895356792158,1167735.0,0.0,47741.51,-3.9357573734052504
20260915,137508.0,1032270.0,1169778.0,45511.49,16.977800000000002,99.33151016596837,1169778.0,0.0,47741.51,-4.671029466809919
20260916,137508.0,1029272.0,1166781.0,45848.9,16.6781,100.80930060625278,1169778.0,-0.25620245892810434,47741.51,-3.9642860060354197
20260917,137508.0,1037489.0,1174997.0,46288.0,17.4997,102.7324735481599,1174997.0,0.0,47741.51,-3.04454132263517
20260918,137508.0,1033414.0,1170922.0,47180.75,17.0922,106.6425456134926,1174997.0,-0.34680939610909645,47741.51,-1.1745753328707074
20260921,137508.0,1033769.0,1171278.0,47718.84,17.1278,108.99927558003961,1174997.0,-0.31651144641220363,47741.51,-0.047484882652445486
20260922,350366.0,813677.0,1164043.0,47800.17,16.4043,109.35548522559941,1174997.0,-0.9322576993813602,47800.17,0.0
20260923,150371.0,1012037.0,1162408.0,48157.29,16.2408,110.9196016478583,1174997.0,-1.0714069908263597,48157.29,0.0
20260924,150371.0,1005705.0,1156076.0,48024.6,15.6076,110.33844515124783,1174997.0,-1.6103019837497456,48157.29,-0.27553460753294534
20260929,340765.0,804126.0,1144890.0,47631.96,14.488999999999999,108.61875800957073,1174997.0,-2.5623044143942493,48157.29,-1.0908628787043493
20260930,1147691.0,0.0,1147691.0,47940.13,14.769099999999998,109.96848291393766,1174997.0,-2.3239208270318987,48157.29,-0.45093899594433884
