date,cash,holdings_val,total_equity,benchmark_close,equity_return_pct,benchmark_return_pct,peak,drawdown
20250102,1000000.0,0.0,1000000.0,22832.06,0.0,0.0,1000000.0,0.0
20250103,1000000.0,0.0,1000000.0,22908.3,0.0,0.3339164315440567,1000000.0,0.0
20250106,1000000.0,0.0,1000000.0,23547.71,0.0,3.1344083713865407,1000000.0,0.0
20250107,1133.0,998953.0,1000086.0,23651.27,0.0086,3.5879811107714286,1000086.0,0.0
20250108,1133.0,990879.0,992012.0,23407.33,-0.7988000000000001,2.5195711644065426,1000086.0,-0.8073305695710169
20250109,1133.0,978848.0,979981.0,23081.13,-2.0019,1.0908783526322183,1000086.0,-2.0103271118683796
20250110,1133.0,975811.0,976944.0,23011.86,-2.3056,0.7874891709289449,1000086.0,-2.3140009959143515
20250113,572513.0,385412.0,957925.0,22488.33,-4.2075000000000005,-1.5054708160367465,1000086.0,-4.2157374465795945
20250114,572513.0,387406.0,959919.0,22797.52,-4.0081,-0.15127850925409653,1000086.0,-4.016354593504959
20250115,572513.0,390161.0,962674.0,22514.57,-3.7325999999999997,-1.39054469898906,1000086.0,-3.740878284467536
20250116,572513.0,396903.0,969417.0,23025.1,-3.0583,0.8454778062075748,1000086.0,-3.0666362692808415
20250117,572513.0,392155.0,964668.0,23148.08,-3.5332000000000003,1.3841063837428618,1000086.0,-3.5414954313929
20250120,14.0,966127.0,966141.0,23266.82,-3.3859,1.9041645826088334,1000086.0,-3.3942080981035634
20250121,14.0,966788.0,966802.0,23300.01,-3.3198,2.049530353371518,1000086.0,-3.3281137822147295
20250122,14.0,965318.0,965332.0,23525.41,-3.4667999999999997,3.0367386911211627,1000086.0,-3.475101141301848
20250203,163199.0,801462.0,964661.0,22694.71,-3.5339,-0.6015663939215391,1000086.0,-3.542195371198077
20250204,163199.0,798573.0,961772.0,22793.96,-3.8228,-0.16687061964624383,1000086.0,-3.831070527934598
20250205,163199.0,804434.0,967633.0,23161.58,-3.2367,1.4432337686568817,1000086.0,-3.2450209282001747
20250206,19.0,977305.0,977324.0,23316.6,-2.2676000000000003,2.1221913397214145,1000086.0,-2.2760042636333275
20250207,19.0,975688.0,975707.0,23478.27,-2.4293,2.830274622613987,1000086.0,-2.437690358629158
20250210,19.0,965200.0,965219.0,23252.14,-3.4781,1.8398690262726978,1000086.0,-3.4864001695854157
20250211,19.0,971591.0,971610.0,23384.05,-2.839,2.417609273977021,1000086.0,-2.8473551274590383
20250212,19.0,967267.0,967286.0,23289.75,-3.2714,2.0045935408368702,1000086.0,-3.2797179442567934
20250213,19.0,984389.0,984408.0,23399.41,-1.5592,2.484883098590309,1000086.0,-1.5676651807944517
20250214,19.0,978987.0,979006.0,23152.61,-2.0993999999999997,1.4039469062362278,1000086.0,-2.1078187275894273
20250217,19.0,996529.0,996548.0,23505.33,-0.3452,2.9487921808194284,1000086.0,-0.3537695758164798
20250218,19.0,993055.0,993074.0,23666.11,-0.6926,3.652977436113952,1000086.0,-0.7011397019856292
20250219,19.0,999322.0,999340.0,23604.08,-0.066,3.38129805194976,1000086.0,-0.07459358495169416
20250220,19.0,989456.0,989475.0,23487.46,-1.0525,2.870525042418414,1000086.0,-1.0610087532472208
20250221,19.0,999997.0,1000016.0,23730.25,0.0015999999999999999,3.9338982115498937,1000086.0,-0.006999398051767548
20250224,19.0,997638.0,997657.0,23565.31,-0.2343,3.2114929620892725,1000086.0,-0.24287911239633392
20250225,19.0,994119.0,994138.0,23285.72,-0.5862,1.9869429214884677,1000086.0,-0.5947488515987625
20250226,577786.0,415743.0,993529.0,23402.55,-0.6471,2.4986356903406786,1000086.0,-0.6556436146491402
20250227,4.0,988814.0,988817.0,23053.18,-1.1183,0.9684627668287442,1000086.0,-1.1268030949338357
20250303,4.0,992417.0,992421.0,22756.25,-0.7579,-0.3320331148394026,1000086.0,-0.7664340866685465
20250304,4.0,990661.0,990665.0,22596.88,-0.9335,-1.0300428432651294,1000086.0,-0.9420189863671723
20250305,4.0,991217.0,991221.0,22871.9,-0.8779,0.1744914825907086,1000086.0,-0.8864237675559902
20250306,4.0,991123.0,991127.0,22715.43,-0.8873000000000001,-0.5108168075942382,1000086.0,-0.8958229592255066
20250307,4.0,981059.0,981063.0,22576.07,-1.8937,-1.1211866121585246,1000086.0,-1.9021364162682008
20250310,4.0,987304.0,987308.0,22459.15,-1.2692,-1.6332735635768294,1000086.0,-1.2776901186497962
20250311,389858.0,590291.0,980149.0,22071.09,-1.9851,-3.3329011924460654,1000086.0,-1.9935285565441372
20250312,588966.0,387843.0,976809.0,22278.36,-2.3191,-2.4250987427328097,1000086.0,-2.327499835014189
20250313,588966.0,394168.0,983134.0,21961.68,-1.6865999999999999,-3.812095798627023,1000086.0,-1.695054225336621
20250314,588966.0,393784.0,982749.0,21968.05,-1.7250999999999999,-3.784196432560189,1000086.0,-1.7335509146213426
20250317,588966.0,394377.0,983342.0,22118.63,-1.6658,-3.1246852014229125,1000086.0,-1.6742560139827976
20250318,588966.0,393347.0,982312.0,22271.67,-1.7688,-2.454399646812434,1000086.0,-1.77724715674452
20250319,588966.0,392868.0,981834.0,21960.83,-1.8166000000000002,-3.8158186339734543,1000086.0,-1.8250430462980183
20250320,588966.0,394200.0,983166.0,22377.26,-1.6833999999999998,-1.9919359006589983,1000086.0,-1.691854500512956
20250321,588966.0,394377.0,983342.0,22209.1,-1.6658,-2.7284441263731907,1000086.0,-1.6742560139827976
20250324,588966.0,395823.0,984789.0,22106.64,-1.5211000000000001,-3.1771990788391493,1000086.0,-1.5295684571126882
20250325,588966.0,395001.0,983967.0,22273.19,-1.6033,-2.4477423412517423,1000086.0,-1.6117613885205873
20250326,588966.0,400244.0,989210.0,22260.29,-1.079,-2.5042418423917963,1000086.0,-1.087506474443198
20250327,588966.0,397945.0,986911.0,21951.76,-1.3089,-3.8555434770231107,1000086.0,-1.317386704743392
20250328,588966.0,395001.0,983967.0,21602.89,-1.6033,-5.383526497390082,1000086.0,-1.6117613885205873
20250331,780088.0,193678.0,973766.0,20695.9,-2.6234,-9.355967004291333,1000086.0,-2.6317736674645977
20250401,780088.0,200035.0,980123.0,21280.17,-1.9876999999999998,-6.79697758327546,1000086.0,-1.996128332963365
20250402,780088.0,200035.0,980123.0,21298.22,-1.9876999999999998,-6.717922079742257,1000086.0,-1.996128332963365
20250407,959437.0,0.0,959437.0,19232.35,-4.0563,-15.766032499914607,1000086.0,-4.064550448661415
20250408,959437.0,0.0,959437.0,18459.95,-4.0563,-19.148994878254527,1000086.0,-4.064550448661415
20250409,959437.0,0.0,959437.0,17391.76,-4.0563,-23.827460159092094,1000086.0,-4.064550448661415
20250410,959437.0,0.0,959437.0,19000.03,-4.0563,-16.78354909719054,1000086.0,-4.064550448661415
20250411,959437.0,0.0,959437.0,19528.77,-4.0563,-14.467770319454315,1000086.0,-4.064550448661415
20250414,959437.0,0.0,959437.0,19513.09,-4.0563,-14.536445682080377,1000086.0,-4.064550448661415
20250415,959437.0,0.0,959437.0,19857.67,-4.0563,-13.027252030697198,1000086.0,-4.064550448661415
20250416,959437.0,0.0,959437.0,19468.0,-4.0563,-14.733931147693205,1000086.0,-4.064550448661415
20250417,959437.0,0.0,959437.0,19338.73,-4.0563,-15.300108706792123,1000086.0,-4.064550448661415
20250418,959437.0,0.0,959437.0,19395.03,-4.0563,-15.053525612669214,1000086.0,-4.064550448661415
20250421,959437.0,0.0,959437.0,19106.2,-4.0563,-16.318545063388935,1000086.0,-4.064550448661415
20250422,959437.0,0.0,959437.0,18793.43,-4.0563,-17.688417076689536,1000086.0,-4.064550448661415
20250423,959437.0,0.0,959437.0,19639.14,-4.0563,-13.98437109923503,1000086.0,-4.064550448661415
20250424,959437.0,0.0,959437.0,19478.81,-4.0563,-14.686585441699085,1000086.0,-4.064550448661415
20250425,959437.0,0.0,959437.0,19872.73,-4.0563,-12.961292147970887,1000086.0,-4.064550448661415
20250428,159538.0,799220.0,958759.0,20034.41,-4.1241,-12.253165067015422,1000086.0,-4.132344618362821
20250429,159538.0,794510.0,954048.0,20232.63,-4.5952,-11.384999864226005,1000086.0,-4.603404107246776
20250430,159538.0,797220.0,956758.0,20235.03,-4.3242,-11.37448832913019,1000086.0,-4.332427411242633
20250502,159538.0,802302.0,961840.0,20787.64,-3.816,-8.954163575253402,1000086.0,-3.824271112684309
20250505,159538.0,807581.0,967120.0,20532.99,-3.288,-10.069481246983408,1000086.0,-3.296316516779557
20250506,159538.0,809391.0,968929.0,20522.59,-3.1071,-10.115031232398659,1000086.0,-3.1154320728417355
20250507,159538.0,831405.0,990943.0,20546.49,-0.9057000000000001,-10.010353862069387,1000086.0,-0.9142213769615813
20250508,159538.0,835433.0,994971.0,20543.4,-0.5029,-10.023887463505263,1000086.0,-0.5114560147827286
20250509,274017.0,732798.0,1006815.0,20915.04,0.6815,-8.396176253916643,1006815.0,0.0
20250512,74038.0,933362.0,1007400.0,21129.54,0.74,-7.456707804727214,1007400.0,0.0
20250513,74038.0,921081.0,995120.0,21330.14,-0.488,-6.578118662967782,1007400.0,-1.2189795513202304
20250514,74038.0,923757.0,997795.0,21782.87,-0.2205,-4.595248961328948,1007400.0,-0.9534445106214016
20250515,74038.0,944772.0,1018810.0,21730.25,1.881,-4.825714368304924,1018810.0,0.0
20250516,74038.0,949284.0,1023322.0,21843.69,2.3322,-4.328869142775565,1023322.0,0.0
20250519,74038.0,952108.0,1026146.0,21523.83,2.6146,-5.7297939826717315,1026146.0,0.0
20250520,74038.0,961211.0,1035249.0,21526.03,3.5249,-5.720158408833904,1035249.0,0.0
20250521,187152.0,853445.0,1040597.0,21803.91,4.0597,-4.5030978369888714,1040597.0,0.0
20250522,34.0,1036862.0,1036897.0,21670.96,3.6896999999999998,-5.085393083234724,1040597.0,-0.3555651227132117
20250523,34.0,1035661.0,1035696.0,21652.24,3.5696,-5.167383056982154,1040597.0,-0.47097963957228395
20250526,34.0,1036065.0,1036100.0,21536.57,3.61,-5.6739952505380655,1040597.0,-0.43215577211927386
20250527,34.0,1024438.0,1024473.0,21336.54,2.4473000000000003,-6.55008790271224,1040597.0,-1.549495145575088
20250528,34.0,1023388.0,1023423.0,21357.72,2.3423,-6.4573236054915775,1040597.0,-1.6503987614801887
20250529,34.0,1022440.0,1022475.0,21347.3,2.2475,-6.5029611870326285,1040597.0,-1.7415003118402224
20250602,34.0,1032262.0,1032296.0,21002.71,3.2296,-8.012198636478715,1040597.0,-0.7977151577411813
20250603,202758.0,826718.0,1029476.0,21126.93,2.9476,-7.468139099143927,1040597.0,-1.0687134404577372
20250604,408123.0,612691.0,1020815.0,21618.09,2.0815,-5.316953441783181,1040597.0,-1.901024123652096
20250605,9094.0,1006918.0,1016011.0,21674.43,1.6011000000000002,-5.070195155408671,1040597.0,-2.3626821910883846
20250606,9094.0,1011345.0,1020438.0,21660.66,2.0438,-5.130505088020973,1040597.0,-1.9372533266961176
20250609,123581.0,905531.0,1029113.0,21790.29,2.9112999999999998,-4.562750798657678,1040597.0,-1.1035972619563577
20250610,240302.0,805084.0,1045386.0,22242.14,4.538600000000001,-2.5837353265539855,1045386.0,0.0
20250611,40315.0,1010901.0,1051216.0,22470.1,5.1216,-1.585314684702137,1051216.0,0.0
20250612,40315.0,1007622.0,1047937.0,22287.82,4.7937,-2.3836657752301,1051216.0,-0.3119244760353724
20250613,411560.0,622527.0,1034087.0,22072.95,3.4087,-3.324754752746798,1051216.0,-1.6294462793564786
20250616,11633.0,1015997.0,1027630.0,22049.9,2.763,-3.425709287729622,1051216.0,-2.243687310695423
20250617,11633.0,1018119.0,1029753.0,22211.59,2.9753000000000003,-2.717538408711264,1051216.0,-2.0417307194715453
20250618,11633.0,1024754.0,1036387.0,22356.73,3.6387,-2.081853323791203,1051216.0,-1.4106520448699411
20250619,11633.0,1016943.0,1028576.0,22003.5,2.8576,-3.6289322995822597,1051216.0,-2.15369629077183
20250620,11633.0,1017537.0,1029170.0,22045.74,2.9170000000000003,-3.443929281895719,1051216.0,-2.0971903015174806
20250623,411868.0,604887.0,1016755.0,21732.02,1.6755,-4.8179621111717505,1051216.0,-3.278203528104595
20250624,411868.0,613141.0,1025009.0,22188.76,2.5009,-2.817529386310315,1051216.0,-2.4930176100820383
20250625,12020.0,1022306.0,1034326.0,22430.61,3.4326000000000003,-1.7582732350913615,1051216.0,-1.6067107045554863
20250626,12020.0,1023210.0,1035230.0,22492.34,3.5229999999999997,-1.4879077928141444,1051216.0,-1.5207150576094732
20250627,12020.0,1026414.0,1038435.0,22580.08,3.8434999999999997,-1.1036235889359065,1051216.0,-1.215830048248885
20250630,12020.0,1009938.0,1021958.0,22256.02,2.1957999999999998,-2.522943615249788,1051216.0,-2.7832529185248323
20250701,12020.0,1032855.0,1044875.0,22553.72,4.4875,-1.2190752827383955,1051216.0,-0.6032061916865801
20250702,12020.0,1033845.0,1045866.0,22577.74,4.5866,-1.1138723356543372,1051216.0,-0.5089344150012938
20250703,12020.0,1054508.0,1066528.0,22712.97,6.6528,-0.5215911310674557,1066528.0,0.0
20250704,12020.0,1049647.0,1061667.0,22547.5,6.1667,-1.2463176778617493,1066528.0,-0.4557780011401482
20250707,12020.0,1050954.0,1062974.0,22428.72,6.2974000000000006,-1.7665510689793218,1066528.0,-0.33323082000660087
20250708,12020.0,1052429.0,1064449.0,22362.27,6.4449000000000005,-2.0575891969450013,1066528.0,-0.19493159110684388
20250709,12020.0,1053804.0,1065824.0,22527.01,6.5824,-1.3360599087423688,1066528.0,-0.06600858111554503
20250710,126432.0,957667.0,1084098.0,22693.25,8.4098,-0.6079609111048293,1084098.0,0.0
20250711,126432.0,963370.0,1089802.0,22751.03,8.9802,-0.35489570367282874,1089802.0,0.0
20250714,126432.0,961065.0,1087497.0,22614.97,8.7497,-0.9508121474803418,1089802.0,-0.21150631032059033
20250715,126432.0,969037.0,1095469.0,22835.94,9.546899999999999,0.016993648404906875,1095469.0,0.0
20250716,470687.0,631364.0,1102051.0,23042.9,10.2051,0.9234383581682956,1102051.0,0.0
20250717,70728.0,1031728.0,1102456.0,23113.28,10.245600000000001,1.231689124853375,1102456.0,0.0
20250718,70728.0,1031068.0,1101796.0,23383.13,10.1796,2.413579852190296,1102456.0,-0.05986633480157031
20250721,70728.0,1027629.0,1098357.0,23340.56,9.8357,2.227131498428087,1102456.0,-0.37180622174490413
20250722,270446.0,822506.0,1092952.0,22987.92,9.295200000000001,0.6826366083480725,1102456.0,-0.8620752211426126
20250723,70450.0,1032577.0,1103027.0,23318.67,10.3027,2.131257538741563,1103027.0,0.0
20250724,70450.0,1032056.0,1102506.0,23373.73,10.2506,2.372409673064972,1103027.0,-0.047233657924964666
20250725,279064.0,820368.0,1099431.0,23364.38,9.943100000000001,2.3314584842541572,1103027.0,-0.32601196525561027
20250728,79139.0,1017988.0,1097127.0,23412.98,9.7127,2.544317069944623,1103027.0,-0.5348917116262794
20250729,79139.0,1019553.0,1098693.0,23201.52,9.8693,1.6181632318765766,1103027.0,-0.3929187590149652
20250730,193619.0,926006.0,1119625.0,23461.72,11.9625,2.7577888285156917,1119625.0,0.0
20250731,193619.0,918555.0,1112174.0,23542.52,11.2174,3.111677176741823,1119625.0,-0.6654906776822597
20250801,193619.0,899237.0,1092856.0,23434.38,9.285599999999999,2.638044924549076,1119625.0,-2.3908898068549735
20250804,193619.0,931393.0,1125013.0,23378.94,12.5013,2.39522846383549,1125013.0,0.0
20250805,414007.0,718193.0,1132200.0,23660.59,13.22,3.6288009053935513,1132200.0,0.0
20250806,320301.0,819190.0,1139491.0,23447.36,13.9491,2.6948948101923316,1139491.0,0.0
20250807,120312.0,1016019.0,1136332.0,24003.77,13.6332,5.131862827970841,1139491.0,-0.2772290434939811
20250808,120312.0,1017646.0,1137958.0,24021.26,13.7958,5.208465639981662,1139491.0,-0.13453375235083032
20250811,120312.0,1018597.0,1138910.0,24135.5,13.891,5.708814710542976,1139491.0,-0.05098767783159323
20250812,120312.0,1016782.0,1137094.0,24158.36,13.709399999999999,5.808937082330719,1139491.0,-0.21035708048593627
20250813,313908.0,815486.0,1129393.0,24370.02,12.939300000000001,6.735966881656753,1139491.0,-0.8861851475790506
20250814,113941.0,1016484.0,1130425.0,24238.1,13.0425,6.158182835889522,1139491.0,-0.7956183945287851
20250815,113941.0,1012761.0,1126701.0,24334.48,12.670100000000001,6.5803085661127305,1139491.0,-1.122430980148154
20250818,113941.0,1014695.0,1128636.0,24482.52,12.8636,7.228695089273588,1139491.0,-0.9526183181789062
20250819,113941.0,1020980.0,1134921.0,24353.5,13.4921,6.663612481747151,1139491.0,-0.4010562610849932
20250820,113941.0,1010444.0,1124385.0,23625.44,12.4385,3.4748507143025966,1139491.0,-1.3256796236214239
20250821,113941.0,1021698.0,1135639.0,23962.13,13.5639,4.9494876940582655,1139491.0,-0.33804567126901397
20250822,113941.0,1035715.0,1149655.0,23764.47,14.9655,4.083775182791214,1149655.0,0.0
20250825,352864.0,816220.0,1169083.0,24277.38,16.9083,6.330221626957881,1169083.0,0.0
20250826,349115.0,808544.0,1157659.0,24305.1,15.765899999999998,6.451629857314659,1169083.0,-0.9771761286409947
20250827,358154.0,795198.0,1153352.0,24519.9,15.335199999999999,7.392412248391079,1169083.0,-1.3455845307818177
20250828,158176.0,1000443.0,1158619.0,24236.45,15.8619,6.150956155511151,1169083.0,-0.8950604875787262
20250829,349293.0,823013.0,1172306.0,24233.1,17.2306,6.136283804439885,1172306.0,0.0
20250901,338450.0,806586.0,1145036.0,24071.73,14.5036,5.4295144634343036,1172306.0,-2.3261844603712682
20250902,338450.0,801515.0,1139965.0,24016.78,13.996500000000001,5.188844107802789,1172306.0,-2.7587507016086246
20250903,338450.0,802975.0,1141425.0,24100.3,14.1425,5.554645529137528,1172306.0,-2.6342098394105293
20250904,338450.0,816306.0,1154756.0,24179.85,15.4756,5.90305911950125,1172306.0,-1.49704940518943
20250905,138463.0,1015873.0,1154336.0,24494.58,15.4336,7.2815155531301174,1172306.0,-1.532876228561485
20250908,138463.0,1015923.0,1154386.0,24547.38,15.4386,7.512769325238282,1172306.0,-1.5286111305410022
20250909,138463.0,1024493.0,1162956.0,24855.18,16.2956,8.860873701277935,1172306.0,-0.7975733298302661
20250910,138463.0,1031707.0,1170170.0,25192.59,17.017,10.338664141562342,1172306.0,-0.18220498743502123
20250911,329305.0,824389.0,1153694.0,25215.71,15.369399999999999,10.439925262985458,1172306.0,-1.587640087144483
20250912,129346.0,1032286.0,1161633.0,25474.64,16.1633,11.573988505636363,1172306.0,-0.9104278234522386
20250915,129346.0,1022094.0,1151440.0,25357.16,15.143999999999998,11.059448862695694,1172306.0,-1.7799107059078432
20250916,129346.0,1018987.0,1148333.0,25629.64,14.8333,12.252858480575112,1172306.0,-2.0449438969006386
20250917,722505.0,411153.0,1133657.0,25438.25,13.3657,11.414607354745907,1172306.0,-3.2968354678727225
20250918,122524.0,1028525.0,1151049.0,25769.36,15.104899999999999,12.864805015403775,1172306.0,-1.813263772428018
20250919,122524.0,1027277.0,1149801.0,25578.37,14.980099999999998,12.028305812090533,1172306.0,-1.9197206190192662
20250922,122524.0,1028297.0,1150821.0,25880.6,15.0821,13.352014667095292,1172306.0,-1.832712619401419
20250923,122524.0,1033666.0,1156190.0,26247.37,15.619,14.958396220051966,1172306.0,-1.374726393961986
20250924,122524.0,1032151.0,1154674.0,26196.73,15.467400000000001,14.736602829530046,1172306.0,-1.5040441659430217
20250925,237011.0,944354.0,1181364.0,26023.85,18.1364,13.979421918127391,1181364.0,0.0
20250926,426164.0,739983.0,1166146.0,25580.32,16.6146,12.036846434355894,1181364.0,-1.2881719774768827
20250930,340603.0,850905.0,1191508.0,25820.54,19.1508,13.088963501322262,1191508.0,0.0
20251001,460117.0,738172.0,1198289.0,25982.91,19.8289,13.800112648617771,1198289.0,0.0
20251002,365152.0,837853.0,1203005.0,26378.39,20.3005,15.532238440158261,1203005.0,0.0
20251003,279639.0,930225.0,1209864.0,26761.06,20.9864,17.208258913124787,1209864.0,0.0
20251007,399098.0,822594.0,1221693.0,27211.95,22.1693,19.183069771190155,1221693.0,0.0
20251008,199102.0,1031074.0,1230175.0,27063.68,23.0175,18.533675892582618,1230175.0,0.0
20251009,199102.0,1035032.0,1234133.0,27301.92,23.4133,19.577120943094915,1234133.0,0.0
20251013,199102.0,1018504.0,1217605.0,26923.42,21.7605,17.91936426235739,1234133.0,-1.3392397739951853
20251014,393855.0,823848.0,1217702.0,26793.15,21.7702,17.34880689696856,1234133.0,-1.331380005234444
20251015,193870.0,1027846.0,1221716.0,27275.71,22.171599999999998,19.46232622023592,1234133.0,-1.0061314299188173
20251016,193870.0,1030427.0,1224297.0,27647.87,22.4297,21.092314929095306,1234133.0,-0.7969967580479576
20251017,193870.0,1031284.0,1225154.0,27302.37,22.5154,19.579091855925384,1234133.0,-0.7275552959040882
20251020,193870.0,1054895.0,1248765.0,27688.63,24.8765,21.270835833472752,1248765.0,0.0
20251021,308353.0,940350.0,1248703.0,27752.41,24.8703,21.55017987864432,1248765.0,-0.004964905326462545
20251022,308353.0,950782.0,1259135.0,27648.91,25.9135,21.09686992763683,1259135.0,0.0
20251023,427813.0,835722.0,1263535.0,27532.26,26.3535,20.585965523916794,1263535.0,0.0
20251027,227822.0,1029801.0,1257623.0,27993.63,25.7623,22.606676751900615,1263535.0,-0.4678936475839609
20251028,227822.0,1019528.0,1247349.0,27949.11,24.7349,22.411687775873045,1263535.0,-1.2810092320355193
20251029,227822.0,1018914.0,1246736.0,28294.74,24.6736,23.92548022386066,1263535.0,-1.3295239150478617
20251030,434081.0,805642.0,1239722.0,28287.53,23.9722,23.893901820510273,1263535.0,-1.8846331917991983
20251031,234085.0,996824.0,1230908.0,28233.35,23.0908,23.656603915722002,1263535.0,-2.58219993905986
20251103,234085.0,1005211.0,1239296.0,28334.59,23.9296,24.10001550451426,1263535.0,-1.9183481264864053
20251104,234085.0,1006590.0,1240675.0,28116.56,24.0675,23.14508633912139,1263535.0,-1.8092098754684278
20251105,612397.0,626067.0,1238465.0,27717.06,23.846500000000002,21.395353726295394,1263535.0,-1.98411599203821
20251106,212437.0,1026972.0,1239409.0,27899.45,23.940900000000003,22.19418659551525,1263535.0,-1.9094049630599865
20251107,212437.0,1032431.0,1244868.0,27651.41,24.4868,21.10781944336165,1263535.0,-1.4773631122208726
20251110,212437.0,1028778.0,1241215.0,27869.51,24.1215,22.063055195194814,1263535.0,-1.7664726343156305
20251111,212437.0,1032711.0,1245148.0,27784.95,24.5148,21.69269877531856,1263535.0,-1.4552030612527551
20251112,212437.0,1035041.0,1247477.0,27947.09,24.747700000000002,22.402840567167388,1263535.0,-1.270878923021523
20251113,421070.0,818046.0,1239116.0,27903.56,23.9116,22.212187599366853,1263535.0,-1.9325938735373378
20251114,221076.0,1015256.0,1236332.0,27397.5,23.6332,19.995742828286183,1263535.0,-2.1529280945917604
20251117,423152.0,809567.0,1232719.0,27447.31,23.271900000000002,20.213900979587475,1263535.0,-2.4388718951196444
20251118,423152.0,804574.0,1227726.0,26756.12,22.7726,17.186622670052536,1263535.0,-2.8340330897046777
20251119,423152.0,796627.0,1219779.0,26580.12,21.9779,16.415776763025313,1263535.0,-3.462982822003348
20251120,423152.0,808989.0,1232141.0,27426.36,23.2141,20.12214403781349,1263535.0,-2.4846165717609723
20251121,616702.0,604260.0,1220962.0,26434.94,22.0962,15.77991648585365,1263535.0,-3.369356606663052
20251124,616702.0,612764.0,1229467.0,26504.24,22.9467,16.083437061745634,1263535.0,-2.6962450585064914
20251125,616702.0,609160.0,1225862.0,26912.17,22.5862,17.870091441595708,1263535.0,-2.9815557147210012
20251126,616702.0,613932.0,1230634.0,27409.54,23.0634,20.04847569601691,1263535.0,-2.603885131792946
20251127,616702.0,621885.0,1238588.0,27554.53,23.8588,20.683503809993482,1263535.0,-1.9743813982200729
20251128,216726.0,1027498.0,1244224.0,27626.48,24.4224,20.998630872553758,1263535.0,-1.528331229447542
20251201,216726.0,1036243.0,1252968.0,27342.53,25.2968,19.75498487652887,1263535.0,-0.8363044949289097
20251202,331209.0,941216.0,1272425.0,27564.27,27.242499999999996,20.72616312325738,1272425.0,0.0
20251203,331209.0,935416.0,1266625.0,27793.04,26.6625,21.728131408204074,1272425.0,-0.4558225435683832
20251204,331209.0,940960.0,1272169.0,27795.71,27.2169,21.739825490998175,1272425.0,-0.02011906399198381
20251205,547099.0,717486.0,1264584.0,27980.89,26.458399999999997,22.55087801976693,1272425.0,-0.6162249248482229
20251208,347104.0,925392.0,1272496.0,28303.78,27.2496,23.96507367272159,1272496.0,0.0
20251209,347104.0,938103.0,1285207.0,28182.6,28.520699999999998,23.434328746508186,1285207.0,0.0
20251210,347104.0,928873.0,1275977.0,28400.73,27.597699999999996,24.389695892530057,1285207.0,-0.7181722477390802
20251211,347104.0,934749.0,1281853.0,28024.75,28.1853,22.742976323643152,1285207.0,-0.26096963368546855
20251212,454040.0,832557.0,1286597.0,28198.02,28.6597,23.501865359498876,1286597.0,0.0
20251215,254062.0,1034811.0,1288873.0,27866.94,28.8873,22.0517990930297,1288873.0,0.0
20251216,254062.0,1049436.0,1303498.0,27536.66,30.3498,20.60523667159248,1303498.0,0.0
20251217,474732.0,852745.0,1327476.0,27525.17,32.7476,20.55491269732121,1327476.0,0.0
20251218,474732.0,849621.0,1324353.0,27468.53,32.4353,20.306840469059722,1327476.0,-0.23525849054898168
20251219,474732.0,856187.0,1330919.0,27696.35,33.0919,21.304647938030982,1330919.0,0.0
20251222,274734.0,1055558.0,1330292.0,28149.64,33.029199999999996,23.289970331192183,1330919.0,-0.04711030498475114
20251223,274734.0,1047719.0,1322452.0,28310.47,32.245200000000004,23.994374576801214,1330919.0,-0.6361769574256585
20251224,274734.0,1044658.0,1319391.0,28371.98,31.939099999999996,24.263776461694643,1330919.0,-0.8661684144564771
20251226,496150.0,820258.0,1316409.0,28556.02,31.6409,25.06983601129289,1330919.0,-1.0902241233313221
20251229,296152.0,1017873.0,1314024.0,28810.89,31.402400000000004,26.18611724040668,1330919.0,-1.2694236087996338
20251230,296152.0,1017264.0,1313416.0,28707.13,31.341599999999996,25.73166853976382,1330919.0,-1.3151063287848472
20251231,296152.0,1015896.0,1312048.0,28963.6,31.2048,26.85495745894149,1330919.0,-1.417892448751577
20260102,296152.0,1021506.0,1317658.0,29349.81,31.7658,28.54648244617437,1330919.0,-0.9963791936248563
20260105,296152.0,1026105.0,1322257.0,30105.04,32.2257,31.85424355051624,1330919.0,-0.650828487684074
20260106,296152.0,1031214.0,1327366.0,30576.3,32.736599999999996,33.918271062707426,1330919.0,-0.2669583949135898
20260107,296152.0,1032108.0,1328260.0,30435.47,32.826,33.30146294289696,1330919.0,-0.1997867638827006
20260108,296152.0,1023358.0,1319510.0,30360.55,31.951,32.97332785565559,1330919.0,-0.8572272241962133
20260109,296152.0,1022720.0,1318872.0,30288.96,31.8872,32.659777523359686,1330919.0,-0.9051640257596442
20260112,693847.0,619107.0,1312954.0,30567.29,31.2954,33.87880900803519,1330919.0,-1.3498191850894006
20260113,293855.0,1019210.0,1313065.0,30707.22,31.3065,34.49167530218473,1330919.0,-1.3414790832499948
20260114,293855.0,1022825.0,1316680.0,30941.78,31.668000000000003,35.5190026655501,1330919.0,-1.0698622530747552
20260115,487368.0,836405.0,1323773.0,30810.58,32.3773,34.94437208031163,1330919.0,-0.5369222319314698
20260116,287391.0,1042733.0,1330124.0,31408.7,33.0124,37.56402181844301,1330919.0,-0.05973316182277058
20260119,401869.0,935679.0,1337547.0,31639.29,33.7547,38.57396135083737,1337547.0,0.0
20260120,520313.0,806398.0,1326712.0,31759.99,32.6712,39.102603970031616,1337547.0,-0.8100649921086885
20260121,320316.0,995823.0,1316138.0,31246.37,31.613799999999998,36.853047863399084,1337547.0,-1.600616651227957
20260122,320316.0,1006692.0,1327008.0,31746.08,32.7008,39.041680864538726,1337547.0,-0.7879349286417598
20260123,320316.0,1006961.0,1327276.0,31961.51,32.7276,39.98522253357777,1337547.0,-0.7678982495568379
20260126,320316.0,1031461.0,1351777.0,32064.52,35.1777,40.436386379503205,1351777.0,0.0
20260127,769462.0,595203.0,1364665.0,32317.92,36.4665,41.54622929337079,1364665.0,0.0
20260128,369472.0,993283.0,1362755.0,32803.82,36.2755,43.67437716964653,1364665.0,-0.13996108935159912
20260129,369472.0,992153.0,1361625.0,32536.27,36.162499999999994,42.502559996776455,1364665.0,-0.22276529404652423
20260130,561132.0,775665.0,1336796.0,32063.75,33.6796,40.43301392865995,1364665.0,-2.0421861775600605
20260202,1117766.0,194341.0,1312107.0,31624.03,31.210700000000003,38.50712550685307,1364665.0,-3.8513481330582966
20260203,318879.0,1005509.0,1324388.0,32195.36,32.4388,41.0094402344773,1364665.0,-2.95142031194469
20260204,318879.0,1017676.0,1336555.0,32289.81,33.655499999999996,41.423112938560955,1364665.0,-2.0598461893578275
20260205,318879.0,1013049.0,1331928.0,31801.27,33.1928,39.28340237367981,1364665.0,-2.398903760263508
20260206,318879.0,1009845.0,1328724.0,31782.92,32.8724,39.20303292825963,1364665.0,-2.633686655699384
20260209,318879.0,1020116.0,1338995.0,32404.62,33.899499999999996,41.9259584987075,1364665.0,-1.881047729662591
20260210,318879.0,1028605.0,1347484.0,33072.97,34.748400000000004,44.853202032580505,1364665.0,-1.2589903016491226
20260211,508034.0,830982.0,1339016.0,33605.71,33.9016,47.18650003547642,1364665.0,-1.879508890460296
20260223,308044.0,1050628.0,1358672.0,33773.26,35.8672,47.920336579353766,1364665.0,-0.43915539711211177
20260224,422526.0,941705.0,1364231.0,34700.82,36.423100000000005,51.982869701638826,1364665.0,-0.03180267684743142
20260225,422526.0,954332.0,1376858.0,35413.07,37.6858,55.10238673163962,1376858.0,0.0
20260226,654972.0,744969.0,1399940.0,35414.49,39.994,55.108606056571304,1399940.0,0.0
20260302,454983.0,936559.0,1391541.0,35095.09,39.1541,53.70969592756849,1399940.0,-0.599954283755018
20260303,574724.0,821499.0,1396223.0,34323.65,39.622299999999996,50.330938163266914,1399940.0,-0.2655113790591025
20260304,753033.0,606544.0,1359578.0,32828.88,35.9578,43.78413511527211,1399940.0,-2.8831235624383904
20260305,753033.0,613236.0,1366269.0,33672.94,36.6269,47.480954412348254,1399940.0,-2.405174507478892
20260306,353118.0,1019700.0,1372819.0,33599.54,37.2819,47.15947663066758,1399940.0,-1.9372973127419746
20260309,353118.0,1002119.0,1355237.0,32110.42,35.523700000000005,40.63741948821086,1399940.0,-3.193208280354872
20260310,353118.0,1015255.0,1368373.0,32771.87,36.8373,43.534442358683364,1399940.0,-2.2548823521008043
20260311,353118.0,1029347.0,1382465.0,34114.19,38.2465,49.41354393777872,1399940.0,-1.2482677829049815
20260312,353118.0,1033924.0,1387042.0,33581.86,38.7042,47.08204165546165,1399940.0,-0.9213251996514136
20260313,353118.0,1040134.0,1393252.0,33400.32,39.3252,46.28693162158823,1399940.0,-0.4777347600611455
20260316,660458.0,735179.0,1395637.0,33342.51,39.563700000000004,46.03373501996754,1399940.0,-0.3073703158706802
20260317,660458.0,739249.0,1399706.0,33836.57,39.9706,48.19762211556906,1399940.0,-0.01671500207151735
20260318,460474.0,938610.0,1399085.0,34348.58,39.908500000000004,50.44012673407481,1399940.0,-0.06107404603054417
20260319,460474.0,934653.0,1395128.0,33689.68,39.5128,47.55427236964162,1399940.0,-0.3437290169578696
20260320,460474.0,940619.0,1401093.0,33543.88,40.1093,46.9156966125702,1401093.0,0.0
20260323,861659.0,514256.0,1375915.0,32722.5,37.591499999999996,43.31821132214964,1401093.0,-1.7970256078647169
20260324,1050803.0,327349.0,1378152.0,32612.24,37.8152,42.83529388062225,1401093.0,-1.6373645432530175
20260325,1170247.0,216472.0,1386719.0,33439.11,38.6719,46.45682430757452,1401093.0,-1.025913340513442
20260326,1170247.0,214719.0,1384967.0,33337.62,38.4967,46.012317767209794,1401093.0,-1.150958573056892
20260327,1170247.0,214719.0,1384967.0,33112.59,38.4967,45.0267299577874,1401093.0,-1.150958573056892
20260330,1170247.0,214719.0,1384967.0,32518.16,38.4967,42.423241704865866,1401093.0,-1.150958573056892
20260331,1170247.0,210329.0,1380576.0,31722.99,38.0576,38.9405511373043,1401093.0,-1.4643567557613948
20260401,1170247.0,215586.0,1385833.0,33174.82,38.5833,45.2992853032096,1401093.0,-1.0891496852814198
20260402,1170247.0,213833.0,1384081.0,32572.43,38.4081,42.66093379222023,1401093.0,-1.2141949178248697
20260407,1170247.0,213833.0,1384081.0,33229.82,38.4081,45.54017464915561,1401093.0,-1.2141949178248697
20260408,370290.0,1015656.0,1385946.0,34761.38,38.5946,52.24811077055682,1401093.0,-1.0810845532737656
20260409,484698.0,909854.0,1394553.0,34861.16,39.4553,52.685127842165805,1401093.0,-0.4667784365491798
20260410,484698.0,904151.0,1388849.0,35417.83,38.8849,55.12323460957968,1401093.0,-0.873889170811645
20260413,673842.0,703950.0,1377792.0,35457.29,37.7792,55.296061765780216,1401093.0,-1.66305876911811
20260414,473849.0,909198.0,1383047.0,36296.12,38.304700000000004,58.96997467596003,1401093.0,-1.2879944443373852
20260415,473849.0,911011.0,1384861.0,36722.14,38.4861,60.83585975159489,1401093.0,-1.1585240951171691
20260416,473849.0,910838.0,1384688.0,37132.02,38.468799999999995,62.63105475371032,1401093.0,-1.1708715981023388
20260417,473849.0,903292.0,1377142.0,36804.34,37.7142,61.19587982862692,1401093.0,-1.7094511213745267
20260420,585664.0,789088.0,1374751.0,36958.8,37.4751,61.87238470816913,1401093.0,-1.880103604828516
20260421,385741.0,982924.0,1368666.0,37605.11,36.8666,64.70309731141211,1401093.0,-2.314407394798204
20260422,385741.0,974881.0,1360623.0,37878.47,36.0623,65.90036115882666,1401093.0,-2.8884592243341447
20260423,764504.0,587723.0,1352227.0,37714.15,35.2227,65.18067138926578,1401093.0,-3.4877056697878017
20260424,364589.0,983587.0,1348176.0,38932.4,34.8176,70.51637040196987,1401093.0,-3.776837083619717
20260427,364589.0,980581.0,1345170.0,39616.63,34.516999999999996,73.51316525972688,1401093.0,-3.9913838695932387
20260428,553684.0,798450.0,1352134.0,39521.73,35.2134,73.0975216428128,1401093.0,-3.4943433448029504
20260429,353690.0,998831.0,1352521.0,39303.5,35.2521,72.1417165161619,1401093.0,-3.466722051997976
20260430,542837.0,794715.0,1337552.0,38926.63,33.7552,70.49109891967696,1401093.0,-4.535102238038446
20260504,342873.0,999032.0,1341905.0,40705.14,34.1905,78.28062820437577,1401093.0,-4.224416223619703
20260505,342873.0,1011889.0,1354761.0,40769.29,35.4761,78.56159277787461,1401093.0,-3.306846868837401
20260506,581793.0,798651.0,1380444.0,41138.85,38.0444,80.18019399038018,1401093.0,-1.4737779719119288
20260507,570955.0,800149.0,1371104.0,41933.78,37.1104,83.66183340443217,1401093.0,-2.140400387411828
20260508,370962.0,1006532.0,1377494.0,41603.94,37.7494,82.21719809776253,1401093.0,-1.6843278783064364
20260511,370962.0,1008338.0,1379300.0,41790.06,37.93,83.03236764444381,1401093.0,-1.5554285118832227
20260512,370962.0,986516.0,1357478.0,41898.32,35.747800000000005,83.50652547339135,1401093.0,-3.1129268364055775
20260513,370962.0,991810.0,1362772.0,41374.5,36.2772,81.21229534260158,1401093.0,-2.7350789704894676
20260514,370962.0,985678.0,1356641.0,41751.75,35.6641,82.8645772654767,1401093.0,-3.172665911541918
20260515,560088.0,791805.0,1351893.0,41172.36,35.1893,80.32696129915566,1401093.0,-3.511544201562637
20260518,360307.0,1005852.0,1366160.0,40891.82,36.616,79.09825044257941,1401093.0,-2.493267755959098
20260519,360307.0,1015258.0,1375565.0,40175.56,37.5565,75.961170389356,1401093.0,-1.822006105233557
20260520,675550.0,706454.0,1382004.0,40020.82,38.2004,75.28343916405265,1401093.0,-1.362436326496528
20260521,675550.0,700632.0,1376181.0,41368.21,37.6181,81.18474636103792,1401093.0,-1.7780404298643988
20260522,595117.0,797332.0,1392449.0,42267.97,39.2449,85.12552086846303,1401093.0,-0.6169469121607202
20260525,586326.0,824121.0,1410447.0,43644.4,41.0447,91.15401764010781,1410447.0,0.0
20260526,692840.0,713159.0,1406000.0,43525.37,40.6,90.63268929741776,1410447.0,-0.3152901172465183
20260527,682002.0,736752.0,1418754.0,44256.8,41.8754,93.83621101205935,1418754.0,0.0
20260528,596577.0,833207.0,1429784.0,43636.44,42.9784,91.11915438204,1429784.0,0.0
20260529,835512.0,626349.0,1461860.0,44732.94,46.186,95.92161197894539,1461860.0,0.0
20260601,550023.0,927703.0,1477726.0,45337.91,47.7726,98.57126339016278,1477726.0,0.0
20260602,550023.0,935241.0,1485264.0,45557.31,48.526399999999995,99.53219289017284,1485264.0,0.0
20260603,788954.0,725487.0,1514442.0,46459.16,51.444199999999995,103.48212119274389,1514442.0,0.0
20260604,588992.0,910741.0,1499734.0,45677.46,49.9734,100.05842661590762,1514442.0,-0.9711827854747822
20260605,778133.0,715445.0,1493578.0,45070.94,49.357800000000005,97.40198650494087,1514442.0,-1.377669134902492
20260608,869417.0,610630.0,1480047.0,43502.78,48.0047,90.53374947332827,1514442.0,-2.2711335264077466
20260609,469434.0,1024877.0,1494311.0,44704.44,49.4311,95.79678749968247,1514442.0,-1.3292684698390562
20260610,469434.0,1051872.0,1521306.0,43225.54,52.1306,89.31949197750882,1521306.0,0.0
20260611,469434.0,1048723.0,1518157.0,43149.46,51.8157,88.98627631497112,1521306.0,-0.20699320189363613
20260612,698404.0,832348.0,1530751.0,44169.04,53.0751,93.45183921205532,1530751.0,0.0
20260615,698404.0,832664.0,1531067.0,45396.99,53.1067,98.83002234577167,1531067.0,0.0
20260616,698404.0,825369.0,1523773.0,45809.19,52.377300000000005,100.63537849847977,1531067.0,-0.47639979177919717
20260617,698404.0,832682.0,1531085.0,45877.39,53.10850000000001,100.9340812874528,1531085.0,0.0
20260618,817870.0,713808.0,1531678.0,46465.2,53.1678,103.50857522273502,1531678.0,0.0
20260622,617877.0,916650.0,1534527.0,47741.51,53.4527,109.0985657886323,1534527.0,0.0
20260623,807030.0,712929.0,1519959.0,47100.65,51.99589999999999,106.2917231296694,1534527.0,-0.9493479098119486
20260624,607050.0,907341.0,1514391.0,46043.6,51.4391,101.66204889090164,1534527.0,-1.3121958753413918
20260625,718920.0,801747.0,1520667.0,46255.26,52.0667,102.58907869022768,1534527.0,-0.9032099141950581
20260626,518937.0,993743.0,1512680.0,44571.76,51.268,95.2156748011349,1534527.0,-1.4236960314155438
20260629,518937.0,1016202.0,1535139.0,44999.9,53.51390000000001,97.09084506610441,1535139.0,0.0
20260630,827979.0,722741.0,1550721.0,46125.91,55.0721,102.02255074662558,1550721.0,0.0
20260701,747462.0,804171.0,1551633.0,47018.99,55.16330000000001,105.93406814803392,1551633.0,0.0
20260702,547479.0,1011197.0,1558676.0,46744.16,55.867599999999996,104.7303659853732,1558676.0,0.0
20260703,661968.0,925458.0,1587426.0,46780.62,58.7426,104.89005372270395,1587426.0,0.0
20260706,781434.0,815360.0,1596794.0,46556.39,59.6794,103.90796975831351,1596794.0,0.0
20260707,581441.0,1006909.0,1588349.0,45479.11,58.834900000000005,99.18969203830052,1596794.0,-0.5288722277263066
20260708,581441.0,1017070.0,1598511.0,45734.41,59.8511,100.30785658411901,1598511.0,0.0
20260709,581441.0,1020177.0,1601618.0,45354.61,60.1618,98.64440615520455,1601618.0,0.0
20260713,581441.0,1015931.0,1597372.0,45380.52,59.7372,98.75788693617656,1601618.0,-0.26510691063661873
20260714,581441.0,1012151.0,1593592.0,44737.95,59.3592,95.9435548084579,1601618.0,-0.5011182441755775
20260715,581441.0,1013795.0,1595235.0,45631.59,59.5235,99.85752490138864,1601618.0,-0.39853448200507235
20260716,581441.0,1020206.0,1601647.0,45624.98,60.1647,99.82857438181225,1601647.0,0.0
20260717,581441.0,1014062.0,1595503.0,42671.27,59.5503,86.89189674519073,1601647.0,-0.38360512647293693
20260720,581441.0,1019342.0,1600783.0,42449.7,60.0783,85.92146306553151,1601647.0,-0.05394447091025675
20260721,581441.0,1032162.0,1613603.0,44232.87,61.3603,93.7314022475414,1613603.0,0.0
20260722,779379.0,824925.0,1604304.0,44825.78,60.43039999999999,96.32823319490224,1613603.0,-0.576287971700598
20260723,779379.0,819978.0,1599357.0,44850.81,59.935700000000004,96.43785974633911,1613603.0,-0.8828689584736766
20260724,779379.0,822748.0,1602127.0,43654.84,60.2127,91.19974281777463,1613603.0,-0.7112034372767031
20260727,974560.0,632909.0,1607469.0,43634.19,60.746900000000004,91.10929981788766,1613603.0,-0.3801430711271608
20260728,974560.0,632544.0,1607104.0,41603.36,60.7104,82.21465781011436,1613603.0,-0.40276325713326017
20260729,974560.0,633366.0,1607925.0,40039.18,60.792500000000004,75.36385240753572,1613603.0,-0.3518833318976229
20260730,974560.0,648372.0,1622931.0,39933.3,62.2931,74.90011851755821,1622931.0,0.0
20260731,974560.0,663970.0,1638530.0,43119.75,63.853,88.85615227009738,1638530.0,0.0
20260803,974560.0,658194.0,1632754.0,43386.41,63.275400000000005,90.02407141536945,1638530.0,-0.3525110922595253
20260804,974560.0,652386.0,1626946.0,43360.66,62.6946,89.91129140340381,1638530.0,-0.7069751545592696
20260805,1189565.0,435954.0,1625519.0,44611.6,62.5519,95.39016628372559,1638530.0,-0.7940654122902846
20260806,589636.0,1023197.0,1612833.0,44396.7,61.2833,94.44894591202018,1638530.0,-1.568295972609595
20260807,987851.0,622347.0,1610197.0,44225.91,61.0197,93.70091879576351,1638530.0,-1.7291718796726334
20260810,587878.0,1022904.0,1610781.0,44928.76,61.0781,96.77926564663898,1638530.0,-1.693530176438637
20260811,587878.0,1026216.0,1614094.0,45120.72,61.409400000000005,97.62001326205343,1638530.0,-1.491336746962216
20260812,587878.0,1026496.0,1614373.0,45518.07,61.43729999999999,99.36032929135608,1638530.0,-1.474309289424057
20260813,587878.0,1029787.0,1617664.0,46021.48,61.7664,101.56516757576846,1638530.0,-1.2734585268502865
20260814,702350.0,935007.0,1637357.0,45811.01,63.735699999999994,100.64334974592744,1638530.0,-0.07158855803677687
20260817,821799.0,815149.0,1636948.0,45857.27,63.694799999999994,100.84595958489946,1638530.0,-0.09654995636332567
20260818,845012.0,792234.0,1637246.0,45308.68,63.724599999999995,98.44324165230819,1638530.0,-0.07836292286378643
20260819,645014.0,994372.0,1639386.0,44719.35,63.9386,95.86209041146526,1639386.0,0.0
20260820,645014.0,1015973.0,1660987.0,44933.74,66.0987,96.80107708196279,1660987.0,0.0
20260821,645014.0,1030981.0,1675996.0,45224.29,67.59960000000001,98.07362979950122,1675996.0,0.0
20260824,645014.0,1016145.0,1661160.0,44762.32,66.116,96.05029068774344,1675996.0,-0.8852049766228559
20260825,645014.0,1016035.0,1661049.0,45169.46,66.1049,97.8334850206245,1675996.0,-0.8918279041238761
20260826,645014.0,1018380.0,1663395.0,45832.62,66.3395,100.73799735985276,1675996.0,-0.7518514363996096
20260827,645014.0,1013950.0,1658964.0,45975.22,65.8964,101.3625577367964,1675996.0,-1.0162315423187167
20260828,645014.0,1011318.0,1656332.0,46331.45,65.6332,102.92277613145724,1675996.0,-1.1732724899104772
20260831,645014.0,1021211.0,1666225.0,46128.47,66.6225,102.03376305072777,1675996.0,-0.5829966181303535
20260901,645014.0,1037454.0,1682468.0,46948.72,68.2468,105.62629916004073,1682468.0,0.0
20260902,645014.0,1041462.0,1686476.0,46164.72,68.6476,102.19253102873766,1686476.0,0.0
20260903,759471.0,934096.0,1693567.0,45857.66,69.3567,100.84766770935256,1693567.0,0.0
20260904,759471.0,936462.0,1695933.0,46551.13,69.5933,103.88493197722848,1695933.0,0.0
20260907,878941.0,817661.0,1696602.0,47326.27,69.6602,107.27989502480281,1696602.0,0.0
20260908,678959.0,1028085.0,1707044.0,47105.78,70.7044,106.31419153593673,1707044.0,0.0
20260909,678959.0,1021149.0,1700108.0,47183.36,70.01079999999999,106.6539769079093,1707044.0,-0.4063164159799045
20260910,678959.0,1017091.0,1696050.0,46940.49,69.60499999999999,105.59025335427464,1707044.0,-0.6440372948793353
20260911,871347.0,826133.0,1697480.0,46184.85,69.748,102.28069652935388,1707044.0,-0.5602667535224635
20260914,1069550.0,626909.0,1696459.0,45862.52,69.64590000000001,100.86895356792158,1707044.0,-0.6200777484353069
20260915,1069550.0,623127.0,1692677.0,45511.49,69.2677,99.33151016596837,1707044.0,-0.8416303270448798
20260916,1069550.0,622400.0,1691950.0,45848.9,69.195,100.80930060625278,1707044.0,-0.8842185673011358
20260917,1069550.0,627636.0,1697186.0,46288.0,69.7186,102.7324735481599,1707044.0,-0.5774895081790511
20260918,669655.0,1020309.0,1689964.0,47180.75,68.99640000000001,106.6425456134926,1707044.0,-1.0005600324303299
20260921,669655.0,1017375.0,1687029.0,47718.84,68.7029,108.99927558003961,1707044.0,-1.1724946750054481
20260922,669655.0,1018893.0,1688547.0,47800.17,68.85470000000001,109.35548522559941,1707044.0,-1.08356902341123
20260923,669655.0,1012619.0,1682273.0,48157.29,68.2273,110.9196016478583,1707044.0,-1.4511049510147365
20260924,669655.0,1006650.0,1676304.0,48024.6,67.63040000000001,110.33844515124783,1707044.0,-1.800773735181987
20260929,1064125.0,604588.0,1668713.0,47631.96,66.8713,108.61875800957073,1707044.0,-2.245460573951228
20260930,1670632.0,0.0,1670632.0,47940.13,67.0632,109.96848291393766,1707044.0,-2.1330440222981952
