證券代號,證券名稱,收盤價,進場價位,進場參考,加碼價位,停利TP1,停利TP2,停損價位,月線(20MA),月線乖離%,當日成交量(張),5日均量(張),法人買超佔比%,外資3日買超(張),投信3日買超(張),當日法人買超(張),5日法人累計(張),K棒實體,上影線
1102,亞泥,36.35,36.35,36.35,37.44,41.8,43.62,34.76,35.47,2.5,10781,6675,69.0,12456,-508,7435,12392,0.75,0.0
2855,統一證,58.6,58.6,58.6,60.36,67.39,70.32,54.21,55.31,5.94,3552,3530,52.4,1990,111,1860,5789,0.9,0.3
1319,東陽,80.8,80.8,80.8,83.22,92.92,96.96,77.43,79.02,2.26,1254,1270,44.7,1916,-4,561,2785,0.6,0.0
9904,寶成,25.05,25.05,25.05,25.8,28.81,30.06,24.14,24.63,1.69,15263,11596,43.4,15181,139,6627,2849,0.2,0.1
2504,國產,31.95,31.95,31.95,32.91,36.74,38.34,30.41,31.03,2.96,3152,1936,42.5,1312,-59,1340,2086,0.7,0.05
2439,美律,80.6,80.6,80.6,83.02,92.69,96.72,75.87,77.41,4.11,4244,2499,40.9,2678,9,1734,2488,1.6,0.5
2104,國際中橡,11.6,11.6,11.6,11.95,13.34,13.92,10.66,10.88,6.67,6177,3750,36.9,2186,0,2277,3857,0.25,0.05
3231,緯創,188.5,188.5,188.5,194.16,216.77,226.2,181.79,185.5,1.62,45639,36671,36.6,2732,-2029,16705,3822,4.5,1.5
3706,神達,80.6,80.6,80.6,83.02,92.69,96.72,78.41,80.01,0.74,4422,4834,34.3,2910,41,1516,-707,0.0,0.2
2915,潤泰全,58.9,58.9,58.9,60.67,67.73,70.68,56.96,58.12,1.34,1388,1315,33.0,1622,0,457,598,0.6,0.2
2412,中華電,146.5,146.5,146.5,150.9,168.47,175.8,141.19,144.07,1.68,9157,8295,30.7,8331,246,2812,13754,1.5,0.0
1434,福懋,19.45,19.45,19.45,19.83,22.37,23.34,17.67,18.03,7.88,9020,4812,28.1,5845,0,2533,5768,0.5,0.15
2801,彰銀,27.95,27.95,27.95,28.79,32.14,33.54,27.37,27.93,0.08,19003,15940,26.1,8717,-1575,4959,1916,0.25,0.1
3045,台灣大,124.0,124.0,124.0,127.72,142.6,148.8,119.95,122.4,1.31,5981,5149,25.8,2212,333,1543,3210,2.0,0.0
5876,上海商銀,49.65,49.65,49.65,51.14,57.1,59.58,48.12,49.1,1.12,4975,4255,19.3,3327,79,962,6539,0.05,0.15
1440,南紡,14.35,14.35,14.35,14.78,16.5,17.22,13.18,13.45,6.69,10111,5173,18.9,4947,0,1910,5786,0.35,0.1
