證券代號,證券名稱,收盤價,月線(20MA),月線乖離%,當日成交量(張),5日均量(張),法人買超佔比%,外資3日買超(張),投信3日買超(張),當日法人買超(張),5日法人累計(張),K棒實體,上影線
2851,中再保,47.75,46.76,2.12,3196,2006,68.3,1983,843,2183,1874,1.45,0.05
2515,中工,12.15,11.93,1.82,12336,4859,67.6,6170,0,8340,4666,0.3,0.05
9945,潤泰新,29.3,28.76,1.9,3556,3850,60.5,-471,1530,2151,1312,0.5,0.1
1304,台聚,13.05,12.45,4.82,6143,2784,58.7,3982,0,3603,5300,0.5,0.05
1608,華榮,37.05,36.05,2.77,4763,2056,56.2,2563,-10,2677,2633,0.6,0.25
1605,華新,39.9,37.62,6.05,47344,29799,55.1,28016,2513,26081,34598,1.15,0.45
5876,上海商銀,49.5,49.06,0.91,4928,5335,54.0,3692,-146,2661,6684,0.5,0.0
1102,亞泥,35.9,35.41,1.39,5747,6881,53.6,4272,-632,3081,5433,0.55,0.0
1609,大亞,39.0,38.03,2.56,6046,3942,51.7,4490,0,3123,3651,0.45,0.15
1308,亞聚,14.75,14.29,3.24,2136,1269,51.0,1200,0,1089,1617,0.4,0.05
4142,國光生,18.55,17.78,4.35,2377,1078,41.8,1763,0,992,1638,0.45,0.05
2347,聯強,96.8,92.13,5.07,2349,3434,41.0,3694,-1177,963,9055,1.2,0.0
1312,國喬,15.05,14.64,2.8,17604,12466,39.8,10332,0,7005,7312,0.2,0.1
1305,華夏,12.9,12.19,5.8,3170,1702,39.3,1089,0,1247,2422,0.45,0.0
2393,億光,68.0,63.88,6.44,2297,2263,38.6,2968,-298,887,3683,1.0,0.0
1440,南紡,13.95,13.41,4.01,8440,3748,36.4,2745,0,3074,3280,0.5,0.1
6141,柏承,53.4,50.99,4.73,2606,1786,35.5,1796,0,926,1843,2.2,0.6
2412,中華電,145.5,143.7,1.25,7080,8192,33.4,10308,-2028,2361,14509,0.0,0.0
4904,遠傳,106.0,105.33,0.64,3772,3942,33.4,1726,-751,1261,3230,1.0,0.0
2883,凱基金,38.5,38.39,0.3,39336,57684,32.2,20882,-1510,12672,29914,0.7,0.0
1904,正隆,25.25,24.64,2.45,2126,1659,31.7,1430,0,674,52,0.7,0.05
1434,福懋,18.95,17.95,5.59,9693,3307,29.7,2157,0,2874,2618,0.9,0.2
2881,富邦金,155.5,151.53,2.62,12226,13547,26.9,6190,963,3286,6432,1.0,0.0
2880,華南金,46.9,45.91,2.15,10570,10202,26.0,4693,-194,2745,5744,1.25,0.0
4976,佳凌,37.6,36.27,3.65,803,1321,17.5,1146,0,140,1183,0.35,0.0
1504,東元,73.3,69.79,5.02,29405,9396,14.9,6974,-67,4388,8549,1.4,0.6
2332,友訊,21.1,19.79,6.61,9991,6671,11.9,3480,0,1189,4073,0.6,0.2
