證券代號,證券名稱,收盤價,布林下軌,布林中軌(20MA),布林上軌,距下軌%,日成交量(張),外資買超(張),投信買超(張),自營商買超(張),三大法人買超(張)
2201,裕隆,28.2,28.29,29.74,31.19,-0.33,3271,562,0,-2,560
8422,可寧衛*,25.2,25.24,25.92,26.61,-0.17,3668,633,0,-144,489
2439,美律,75.2,74.97,77.23,79.5,0.3,1122,414,1,18,435
2208,台船,18.45,18.47,18.99,19.51,-0.11,3504,316,0,6,322
1316,上曜,10.35,10.25,10.65,11.06,1.0,2105,289,0,0,289
2101,南港,29.1,28.98,30.16,31.35,0.43,1454,245,0,-7,238
2820,華票,16.65,16.55,17.11,17.66,0.58,1776,167,0,20,187
2912,統一超,210.5,210.16,214.72,219.29,0.16,1565,160,12,2,174
7780,大研生醫*,15.85,15.78,16.27,16.75,0.42,1167,149,0,-2,148
2913,農林,10.9,10.86,11.02,11.18,0.36,1565,46,0,0,46
