證券代號,證券名稱,收盤價,空單進場,加空價位,停利TP1,停利TP2,停損回補,月線(20MA),月線負乖離%,當日成交量(張),5日均量(張),法人賣超佔比%,外資3日賣超(張),投信3日賣超(張),當日法人賣超(張),5日法人累計(張),K棒實體,下影線
2317,鴻海,249.0,249.0,241.53,220.99,200.9,256.15,251.12,-0.85,40251,48431,63.4,-57331,-1620,-25528,-60421,2.0,0.0
2352,佳世達,28.55,28.55,27.69,25.52,23.2,29.58,29.0,-1.56,4105,4058,51.8,-2013,-40,-2128,-2437,0.45,0.05
2474,可成,195.5,195.5,189.63,181.21,164.74,210.04,205.93,-5.06,1923,1730,47.7,-2972,-58,-918,-3632,2.5,0.5
2324,仁寶,35.5,35.5,34.44,32.56,29.6,37.73,37.0,-4.04,22142,28259,43.3,-17415,-12,-9589,-65804,0.25,0.1
2337,旺宏,116.0,116.0,112.52,105.07,95.52,122.72,119.4,-2.85,37118,21844,42.5,-19774,-62,-15778,-18014,3.5,0.0
5871,中租-KY,105.5,105.5,102.33,95.94,87.22,111.21,109.03,-3.23,3191,4595,42.1,-3914,-255,-1343,-8256,0.0,0.0
2633,台灣高鐵,25.7,25.7,24.93,22.69,20.62,26.3,25.78,-0.31,4258,3322,40.3,95,-3560,-1715,-7649,0.1,0.0
2312,金寶,30.65,30.65,29.73,27.23,24.75,31.56,30.94,-0.94,4780,6238,39.3,-1910,100,-1877,-2597,0.2,0.05
2465,麗臺,85.7,85.7,83.13,79.81,72.55,92.5,90.69,-5.5,2324,1371,38.5,-1181,0,-896,-1422,2.7,0.3
2454,聯發科,4690.0,4690.0,4549.3,4254.36,3867.6,4931.19,4834.5,-2.99,8868,6194,36.8,-9703,-1306,-3268,-11092,110.0,0.0
3006,晶豪科,267.0,267.0,258.99,248.03,225.48,287.49,281.85,-5.27,6905,8320,36.5,-5938,1,-2524,-5641,6.0,1.0
6919,康霈*,77.5,77.5,75.17,71.01,64.55,82.3,80.69,-3.95,2950,2886,32.6,-1802,0,-962,-2451,0.6,0.0
2618,長榮航,41.4,41.4,40.16,36.96,33.6,42.84,42.0,-1.43,10803,10213,28.4,-2929,-491,-3064,-2141,0.55,0.0
4938,和碩,89.7,89.7,87.01,79.34,72.12,91.96,90.16,-0.5,4938,4574,26.2,-1046,-427,-1295,-4025,0.3,0.0
2887,台新新光金,41.0,41.0,39.77,37.41,34.01,43.36,42.51,-3.55,46651,37684,25.1,-10347,7654,-11720,-5248,0.95,0.05
2356,英業達,57.5,57.5,55.77,53.23,48.39,61.7,60.49,-4.94,10790,11656,23.0,-8131,26,-2479,-18455,0.4,0.0
6770,力積電,72.2,72.2,70.03,63.91,58.1,76.15,72.62,-0.58,114313,114774,20.5,-73506,-351,-23401,-46957,1.3,0.2
