entry_date,entry_price,exit_date,exit_price,return_pct,exit_reason,holding_days,max_runup_pct,max_drawdown_pct,target_tp1,target_tp2,target_130,stop_loss,code,name,cb_name,conv_price,issue_amount,issue_date,lockup_end_date,avg_vol_lots
2025-01-06,98.04,2025-04-14,86.6,-11.67,LOCKUP_DEADLINE,61,20.59,-24.12,122.26,130.18,147.16,93.14,1514,亞力,亞力二,113.2,12.0,2025-01-13,2025-04-14,1851.3
2025-01-10,34.87,2025-04-18,27.99,-19.71,LOCKUP_DEADLINE,61,17.7,-29.33,48.6,51.75,58.5,33.12,2528,皇普,皇普四,45.0,5.0,2025-01-17,2025-04-18,882.5
2025-01-15,122.5,2025-04-23,117.5,-4.08,LOCKUP_DEADLINE,61,49.39,-26.37,151.52,161.34,182.39,116.38,8028,昇陽半導體,昇陽半導體二,140.3,20.0,2025-01-22,2025-04-23,10717.0
2025-02-17,112.5,2025-05-26,117.0,4.0,LOCKUP_DEADLINE,67,7.11,-3.11,132.84,141.45,159.9,106.88,3045,台灣大,台灣大四,123.0,70.0,2025-02-24,2025-05-25,4358.1
2025-02-18,192.2,2025-05-26,117.56,-38.83,LOCKUP_DEADLINE,66,2.28,-46.19,207.57,221.02,221.0,163.2,3548,兆利,兆利三,170.0,15.0,2025-02-25,2025-05-26,4136.0
2025-02-18,112.0,2025-05-26,117.0,4.46,LOCKUP_DEADLINE,66,7.59,-2.68,125.06,133.17,150.54,106.4,3045,台灣大,台灣大五,115.8,30.0,2025-02-25,2025-05-26,4160.2
2025-02-19,50.8,2025-05-27,50.8,0.0,LOCKUP_DEADLINE,66,29.53,-32.48,54.86,58.42,63.96,47.23,4510,高鋒,高鋒二,49.2,9.0,2025-02-26,2025-05-27,19322.1
2025-02-20,261.0,2025-05-28,148.0,-43.3,LOCKUP_DEADLINE,66,6.32,-54.79,281.88,300.15,326.17,240.86,6854,錼創科技-KY創,錼創科技一KY創,250.9,8.0,2025-02-27,2025-05-28,844.5
2025-02-21,32.35,2025-06-04,23.6,-27.05,LOCKUP_DEADLINE,69,4.95,-38.64,36.29,38.64,43.68,30.73,1598,岱宇,岱宇四,33.6,2.0,2025-03-03,2025-06-04,742.1
2025-03-11,104.5,2025-06-19,86.06,-17.65,LOCKUP_DEADLINE,69,5.51,-29.19,151.52,161.34,182.39,99.28,1436,華友聯,華友聯四,140.3,20.0,2025-03-18,2025-06-19,1645.5
2025-03-27,19.5,2025-07-08,18.7,-4.1,LOCKUP_DEADLINE,70,1.28,-11.54,216.0,230.0,260.0,18.52,8422,可寧衛,可寧衛二,200.0,20.0,2025-04-07,2025-07-08,3523.3
2025-05-21,95.0,2025-08-29,92.1,-3.05,LOCKUP_DEADLINE,71,14.74,-6.42,102.6,109.25,103.09,76.13,6117,迎廣,迎廣二,79.3,5.0,2025-05-28,2025-08-29,5290.0
2025-05-22,100.0,2025-09-01,113.5,13.5,LOCKUP_DEADLINE,71,17.5,-1.3,118.58,126.27,142.74,95.0,4129,聯合,聯合五,109.8,7.0,2025-05-29,2025-08-30,572.4
2025-05-22,199.63,2025-09-01,147.0,-26.37,LOCKUP_DEADLINE,71,18.42,-26.87,265.68,282.9,319.8,189.65,6873,泓德能源,泓德能源二,246.0,30.0,2025-05-29,2025-08-30,1471.8
2025-06-10,69.9,2025-09-18,83.9,20.03,LOCKUP_DEADLINE,72,32.9,-5.29,81.0,86.25,97.5,66.41,2351,順德,順德一,75.0,12.0,2025-06-17,2025-09-18,1079.3
2025-06-13,16.65,2025-09-22,17.7,6.31,LOCKUP_DEADLINE,71,9.91,-14.11,20.3,21.62,24.44,15.82,1466,聚隆,聚隆四,18.8,4.0,2025-06-20,2025-09-21,1056.5
2025-06-13,49.2,2025-09-22,47.55,-3.35,LOCKUP_DEADLINE,71,6.3,-12.8,53.14,56.58,62.92,46.46,4164,承業醫,承業醫五,48.4,9.0,2025-06-20,2025-09-21,2633.1
2025-06-16,33.15,2025-09-24,30.3,-8.6,LOCKUP_DEADLINE,72,0.75,-17.04,37.48,39.91,45.11,31.49,2530,華建,華建三,34.7,5.0,2025-06-23,2025-09-24,973.7
2025-06-18,47.43,2025-09-26,48.9,3.1,LOCKUP_DEADLINE,72,16.39,-14.82,56.48,60.14,67.99,45.06,6177,達麗,達麗七,52.3,6.0,2025-06-25,2025-09-26,1235.1
2025-06-18,29.5,2025-09-26,22.1,-25.08,LOCKUP_DEADLINE,72,5.25,-25.59,32.51,34.62,39.13,28.02,6156,松上,松上五,30.1,3.5,2025-06-25,2025-09-26,738.2
2025-06-23,55.0,2025-10-01,65.0,18.18,LOCKUP_DEADLINE,71,40.0,-0.55,59.4,63.25,62.79,46.37,3040,遠見,遠見一,48.3,5.0,2025-06-30,2025-10-01,936.1
2025-06-23,30.5,2025-10-01,29.75,-2.46,LOCKUP_DEADLINE,71,9.51,-9.84,35.1,37.38,42.25,28.97,2530,華建,華建四,32.5,8.0,2025-06-30,2025-10-01,1094.6
2025-07-24,118.5,2025-11-03,89.0,-24.89,LOCKUP_DEADLINE,68,4.64,-26.16,127.98,136.27,151.45,111.84,1786,科妍,科妍三,116.5,4.0,2025-08-01,2025-11-02,2790.6
2025-07-29,19.3,2025-11-07,20.8,7.77,LOCKUP_DEADLINE,69,18.91,-5.44,20.84,22.2,25.09,18.33,2641,正德,正德八,19.3,7.8,2025-08-06,2025-11-07,3201.0
2025-08-13,39.8,2025-11-21,45.6,14.57,LOCKUP_DEADLINE,69,77.64,-2.26,43.31,46.11,52.13,37.81,3707,漢磊,漢磊五,40.1,10.0,2025-08-20,2025-11-21,2336.1
2025-08-19,50.8,2025-11-27,48.05,-5.41,LOCKUP_DEADLINE,69,47.24,-14.07,56.27,59.91,67.73,48.26,6207,雷科,雷科五,52.1,6.0,2025-08-26,2025-11-27,1587.5
2025-08-20,79.3,2025-11-28,77.6,-2.14,LOCKUP_DEADLINE,69,27.63,-7.69,85.64,91.2,94.74,69.96,6591,動力-KY,動力四KY,72.88,2.5,2025-08-27,2025-11-28,3933.9
2025-08-21,81.54,2025-12-01,81.9,0.44,LOCKUP_DEADLINE,69,20.68,-0.94,145.8,155.25,175.5,77.46,2743,山富,山富一,135.0,3.0,2025-08-28,2025-11-29,1244.7
2025-08-26,108.5,2025-12-03,130.0,19.82,LOCKUP_DEADLINE,68,58.53,-6.91,117.18,124.77,126.88,93.7,7402,邑錡,邑錡二,97.6,4.0,2025-09-02,2025-12-03,2868.0
2025-08-29,70.0,2025-12-08,49.5,-29.29,LOCKUP_DEADLINE,68,0.29,-37.64,75.6,80.5,65.78,48.58,6207,雷科,雷科六,50.6,2.0,2025-09-05,2025-12-06,6980.9
2025-09-01,286.5,2025-12-09,270.0,-5.76,LOCKUP_DEADLINE,68,16.23,-16.58,332.64,354.2,400.4,272.18,6533,晶心科,晶心科一,308.0,15.0,2025-09-08,2025-12-09,626.1
2025-09-02,320.5,2025-12-10,351.0,9.52,LOCKUP_DEADLINE,68,18.56,-14.66,346.14,368.57,390.0,288.0,5439,高技,高技一,300.0,20.0,2025-09-09,2025-12-10,12277.6
2025-09-11,26.9,2025-12-19,24.9,-7.43,LOCKUP_DEADLINE,68,4.94,-23.61,29.05,30.93,31.2,23.04,4168,醣聯,醣聯四,24.0,5.0,2025-09-18,2025-12-19,599.3
2025-09-23,178.5,2026-01-02,186.0,4.2,LOCKUP_DEADLINE,68,21.29,-19.05,192.78,205.27,183.69,135.65,4722,國精化,國精化三,141.3,5.0,2025-10-01,2026-01-02,9071.9
2025-09-25,25.25,2026-01-05,23.2,-8.12,LOCKUP_DEADLINE,67,15.05,-9.7,28.94,30.82,34.84,23.99,8404,百和興業-KY,百和興業一KY,26.8,10.0,2025-10-03,2026-01-04,1844.8
2025-10-01,42.2,2026-01-12,35.55,-15.76,LOCKUP_DEADLINE,69,2.13,-21.8,47.84,50.94,57.59,40.09,6477,安集,安集五,44.3,6.0,2025-10-09,2026-01-10,3052.2
2025-10-07,49.5,2026-01-16,43.8,-11.52,LOCKUP_DEADLINE,70,0.61,-23.84,53.46,56.92,53.56,39.55,5201,凱衛,凱衛一,41.2,1.0,2025-10-15,2026-01-16,2463.0
2025-10-08,24.8,2026-01-19,70.3,183.47,LOCKUP_DEADLINE,70,200.0,-14.72,27.02,28.77,32.53,23.56,6163,華電網,華電網五,25.02,3.0,2025-10-16,2026-01-17,2580.9
2025-10-08,19.25,2026-01-19,17.35,-9.87,LOCKUP_DEADLINE,70,14.29,-11.69,22.86,24.35,27.52,18.29,6219,富旺,富旺四,21.17,6.0,2025-10-16,2026-01-17,802.3
2025-10-13,179.52,2026-01-21,173.33,-3.45,LOCKUP_DEADLINE,70,17.51,-3.45,226.8,241.5,273.0,170.55,2753,八方雲集,八方雲集二,210.0,2.0,2025-10-20,2026-01-21,603.8
2025-10-16,43.25,2026-01-26,73.4,69.71,LOCKUP_DEADLINE,70,69.71,-9.36,46.71,49.74,50.18,37.06,6209,今國光,今國光三,38.6,4.5,2025-10-23,2026-01-24,7112.5
2025-10-20,175.0,2026-01-29,185.0,5.71,LOCKUP_DEADLINE,71,26.29,-15.71,189.0,201.25,224.9,166.08,3551,世禾,世禾三,173.0,5.0,2025-10-28,2026-01-29,2687.8
2025-10-27,161.5,2026-02-04,388.0,140.25,LOCKUP_DEADLINE,71,148.3,-2.92,178.63,190.21,215.02,153.42,3037,欣興,欣興一,165.4,40.0,2025-11-03,2026-02-04,29451.5
2025-10-30,45.0,2026-02-09,48.1,6.89,LOCKUP_DEADLINE,71,32.22,-12.89,48.6,51.75,54.21,40.03,6190,萬泰科,萬泰科七,41.7,10.0,2025-11-06,2026-02-07,4306.8
2025-11-06,100.5,2026-02-23,73.0,-27.36,LOCKUP_DEADLINE,69,1.49,-29.85,114.37,121.78,137.67,95.47,3032,偉訓,偉訓一,105.9,10.0,2025-11-13,2026-02-14,2803.6
2025-11-12,48.1,2026-02-23,54.1,12.47,LOCKUP_DEADLINE,65,42.62,-6.86,59.4,63.25,71.5,45.69,2402,毅嘉,毅嘉三,55.0,10.0,2025-11-19,2026-02-20,7042.5
2025-11-18,92.5,2026-02-26,72.2,-21.95,LOCKUP_DEADLINE,64,0.65,-23.78,110.05,117.19,132.47,87.88,3032,偉訓,偉訓二,101.9,10.0,2025-11-25,2026-02-26,2795.5
2025-11-20,295.0,2026-03-02,339.0,14.92,LOCKUP_DEADLINE,63,34.24,-4.07,349.7,372.37,420.94,280.25,4772,台特化,台特化一,323.8,20.0,2025-11-27,2026-02-28,1945.8
2025-11-21,241.5,2026-03-02,195.5,-19.05,LOCKUP_DEADLINE,62,24.43,-20.7,266.11,283.36,320.32,229.42,6890,來億-KY,來億一KY,246.4,45.0,2025-11-28,2026-03-01,1195.2
2025-12-03,286.5,2026-03-11,163.5,-42.93,LOCKUP_DEADLINE,61,2.09,-43.8,309.42,329.47,318.76,235.39,6890,來億-KY,來億二KY,245.2,5.0,2025-12-10,2026-03-11,3382.4
2025-12-05,61.1,2026-03-13,59.6,-2.45,LOCKUP_DEADLINE,61,20.46,-11.62,68.58,73.02,82.55,58.04,5309,系統電,系統電六,63.5,7.0,2025-12-12,2026-03-13,11432.2
2025-12-08,62.5,2026-03-16,61.5,-1.6,LOCKUP_DEADLINE,61,17.76,-13.6,67.5,71.88,71.5,52.8,5309,系統電,系統電七,55.0,5.0,2025-12-15,2026-03-16,11683.8
2025-12-09,57.2,2026-03-17,58.1,1.57,LOCKUP_DEADLINE,61,33.74,-14.16,64.8,69.0,78.0,54.34,8042,金山電,金山電六,60.0,3.5,2025-12-16,2026-03-17,21774.4
2025-12-10,74.7,2026-03-18,82.9,10.98,LOCKUP_DEADLINE,61,10.98,-17.4,80.67,85.9,92.3,68.16,4739,康普,康普四,71.0,6.0,2025-12-17,2026-03-18,1085.5
2025-12-18,42.95,2026-03-27,48.9,13.85,LOCKUP_DEADLINE,62,36.9,-5.94,50.0,53.24,60.19,40.8,3543,州巧,州巧一,46.3,4.0,2025-12-26,2026-03-27,2495.8
2025-12-26,2275.0,2026-04-07,3325.0,46.15,LOCKUP_DEADLINE,62,86.59,-7.69,2457.0,2616.25,2621.84,1936.13,6510,精測,精測一,2016.8,20.0,2026-01-05,2026-04-06,904.5
2025-12-26,69.3,2026-04-07,55.3,-20.2,LOCKUP_DEADLINE,62,17.89,-20.35,74.84,79.7,88.4,65.28,8431,匯鑽科,匯鑽科二,68.0,3.0,2026-01-05,2026-04-06,6071.7
2026-01-02,250.5,2026-04-10,542.0,116.37,LOCKUP_DEADLINE,61,116.37,-7.98,270.65,288.19,325.78,237.97,2467,志聖,志聖二,250.6,7.0,2026-01-09,2026-04-10,2692.9
2026-01-13,223.0,2026-04-21,405.0,81.61,LOCKUP_DEADLINE,61,92.6,-15.7,240.84,256.45,264.55,195.36,8021,尖點,尖點二,203.5,7.0,2026-01-20,2026-04-21,30731.7
2026-01-14,118.0,2026-04-22,104.5,-11.44,LOCKUP_DEADLINE,61,8.05,-22.88,127.44,135.7,149.24,110.21,6199,天品,天品四,114.8,3.5,2026-01-21,2026-04-22,707.4
2026-01-14,139.0,2026-04-22,189.0,35.97,LOCKUP_DEADLINE,61,46.4,-7.19,151.2,161.0,182.0,132.05,3715,定穎投控,定穎投控一,140.0,5.0,2026-01-21,2026-04-22,55272.5
2026-01-14,16.8,2026-04-22,22.1,31.55,LOCKUP_DEADLINE,61,44.05,-3.27,18.9,20.12,22.75,15.96,3717,聯嘉投控,聯嘉投控一,17.5,7.0,2026-01-21,2026-04-22,734.6
2026-01-15,252.5,2026-04-23,538.0,113.07,LOCKUP_DEADLINE,61,142.38,-8.71,272.7,290.38,320.58,236.74,2467,志聖,志聖三,246.6,10.0,2026-01-22,2026-04-23,4074.9
2026-01-16,244.5,2026-04-24,241.5,-1.23,LOCKUP_DEADLINE,61,23.93,-16.16,270.0,287.5,325.0,232.27,2233,宇隆,宇隆一,250.0,13.0,2026-01-23,2026-04-24,1967.8
2026-01-16,170.0,2026-04-24,346.0,103.53,LOCKUP_DEADLINE,61,125.88,-10.29,183.6,195.5,211.77,156.38,2455,全新,全新二,162.9,5.0,2026-01-23,2026-04-24,10802.9
2026-01-19,930.0,2026-04-27,1165.0,25.27,LOCKUP_DEADLINE,61,39.78,-11.08,1087.78,1158.28,1309.36,883.5,8210,勤誠,勤誠二,1007.2,8.0,2026-01-26,2026-04-27,2409.6
2026-01-20,168.0,2026-04-28,318.0,89.29,LOCKUP_DEADLINE,61,128.57,-9.23,181.44,193.2,199.55,147.36,2455,全新,全新三,153.5,5.0,2026-01-27,2026-04-28,13650.0
2026-01-26,84.01,2026-05-04,82.0,-2.39,LOCKUP_DEADLINE,60,15.64,-22.75,93.74,99.82,112.84,79.81,2374,佳能,佳能二,86.8,3.0,2026-02-02,2026-05-03,14045.4
2026-01-27,976.0,2026-05-04,1150.0,17.83,LOCKUP_DEADLINE,59,33.2,-15.27,1064.12,1133.09,1280.89,927.2,8210,勤誠,勤誠三,985.3,7.0,2026-02-03,2026-05-04,2082.3
2026-01-28,205.0,2026-05-05,331.0,61.46,LOCKUP_DEADLINE,59,84.15,-11.99,221.4,235.75,257.4,190.08,3587,閎康,閎康二,198.0,7.0,2026-02-04,2026-05-05,583.0
2026-01-29,4020.0,2026-05-06,10130.0,151.99,LOCKUP_DEADLINE,59,185.82,-4.23,4341.6,4623.0,4602.52,3398.78,6515,穎崴,穎崴二,3540.4,30.0,2026-02-05,2026-05-06,642.0
2026-01-30,2365.0,2026-05-07,2390.0,1.06,LOCKUP_DEADLINE,59,5.71,-37.63,2687.04,2861.2,3234.4,2246.75,8299,群聯,群聯三,2488.0,60.0,2026-02-06,2026-05-07,6571.5
2026-02-11,1065.0,2026-06-03,1280.0,20.19,LOCKUP_DEADLINE,70,22.54,-17.84,1213.92,1292.6,1461.2,1011.75,3324,雙鴻,雙鴻六,1124.0,30.0,2026-03-02,2026-06-03,5210.2
2026-03-04,75.6,2026-06-12,83.4,10.32,LOCKUP_DEADLINE,70,12.7,-3.84,86.4,92.0,104.0,71.82,5534,長虹,長虹四,80.0,15.0,2026-03-11,2026-06-12,881.3
2026-03-06,192.5,2026-06-15,202.0,4.94,LOCKUP_DEADLINE,69,27.27,-19.48,212.76,226.55,256.1,182.88,6862,三集瑞-KY,三集瑞一KY,197.0,10.0,2026-03-13,2026-06-14,1449.5
2026-03-09,891.0,2026-06-17,1050.0,17.85,LOCKUP_DEADLINE,70,46.46,-1.8,1193.4,1270.75,1436.5,846.45,3324,雙鴻,雙鴻七,1105.0,20.0,2026-03-16,2026-06-17,5823.9
2026-03-11,50.5,2026-06-22,58.5,15.84,LOCKUP_DEADLINE,70,31.29,-2.48,55.4,58.99,66.69,47.97,2329,華泰,華泰一,51.3,25.0,2026-03-18,2026-06-19,14372.3
2026-03-12,37.35,2026-06-22,45.1,20.75,LOCKUP_DEADLINE,69,63.86,-2.95,40.34,42.95,48.1,35.48,6547,高端疫苗,高端疫苗二,37.0,7.5,2026-03-19,2026-06-20,1467.3
2026-03-17,159.5,2026-06-25,177.0,10.97,LOCKUP_DEADLINE,69,27.59,-4.08,172.26,183.42,206.7,151.53,3715,定穎投控,定穎投控二,159.0,10.0,2026-03-24,2026-06-25,33306.9
2026-03-19,12.75,2026-06-29,14.6,14.51,LOCKUP_DEADLINE,69,25.88,-8.24,13.77,14.66,16.25,12.0,3011,今皓,今皓二,12.5,4.5,2026-03-26,2026-06-27,650.3
2026-03-25,468.5,2026-07-02,432.0,-7.79,LOCKUP_DEADLINE,68,0.11,-29.46,540.0,575.0,650.0,445.07,6472,保瑞,保瑞四,500.0,20.0,2026-04-01,2026-07-02,1134.6
2026-04-08,427.5,2026-07-16,415.5,-2.81,LOCKUP_DEADLINE,69,8.07,-22.69,523.8,557.75,630.5,406.12,6472,保瑞,保瑞五,485.0,10.0,2026-04-15,2026-07-16,612.1
2026-04-21,78.2,2026-07-29,62.6,-19.95,LOCKUP_DEADLINE,69,4.86,-43.61,84.46,89.93,97.63,72.1,8111,立碁,立碁四,75.1,5.0,2026-04-28,2026-07-29,8493.3
2026-04-24,28.9,2026-08-05,26.75,-7.44,LOCKUP_DEADLINE,71,3.98,-26.64,31.21,33.23,34.62,25.56,6603,富強鑫,富強鑫四,26.63,4.0,2026-05-04,2026-08-05,3571.4
2026-04-24,15.7,2026-08-05,10.4,-33.76,LOCKUP_DEADLINE,71,1.27,-38.22,17.39,18.52,20.93,14.91,4714,永捷,永捷八,16.1,3.0,2026-05-04,2026-08-05,3082.7
2026-04-24,37.91,2026-08-05,37.29,-1.63,LOCKUP_DEADLINE,71,1.88,-8.04,46.44,49.45,55.9,36.01,4123,晟德,晟德八,43.0,15.0,2026-05-04,2026-08-05,3288.1
2026-04-27,196.0,2026-08-06,247.0,26.02,LOCKUP_DEADLINE,71,38.27,-15.31,211.68,225.4,214.5,158.4,8271,宇瞻,宇瞻一,165.0,10.0,2026-05-05,2026-08-06,8775.1
2026-04-27,339.5,2026-08-06,303.5,-10.6,LOCKUP_DEADLINE,71,41.38,-26.66,381.24,405.95,458.9,322.52,5284,jpp-KY,jpp四KY,353.0,2.0,2026-05-05,2026-08-06,2911.9
2026-04-27,133.63,2026-08-06,178.01,33.21,LOCKUP_DEADLINE,71,90.0,-5.0,144.32,153.67,168.87,124.7,3135,凌航,凌航二,129.9,15.0,2026-05-05,2026-08-06,4637.1
2026-04-30,513.0,2026-08-10,446.0,-13.06,LOCKUP_DEADLINE,70,21.44,-28.85,554.04,589.95,635.57,469.34,3680,家登,家登五,488.9,10.0,2026-05-08,2026-08-09,4967.6
2026-05-04,347.0,2026-08-12,299.5,-13.69,LOCKUP_DEADLINE,71,38.33,-28.24,374.76,399.05,419.38,309.7,5284,jpp-KY,jpp五KY,322.6,3.5,2026-05-11,2026-08-12,2643.8
2026-05-07,36.19,2026-08-17,31.85,-12.0,LOCKUP_DEADLINE,71,6.71,-12.55,45.36,48.3,54.6,34.38,4123,晟德,晟德九,42.0,5.0,2026-05-14,2026-08-15,2428.5
2026-05-07,84.5,2026-08-17,56.0,-33.73,LOCKUP_DEADLINE,71,3.43,-47.16,91.26,97.17,102.96,76.03,8074,鉅橡,鉅橡六,79.2,3.0,2026-05-14,2026-08-15,9177.6
2026-05-13,666.63,2026-08-21,1685.0,152.76,LOCKUP_DEADLINE,71,296.02,-3.38,858.6,914.25,1033.5,633.3,7610,聯友金屬-創,聯友金屬一創,795.0,8.0,2026-05-20,2026-08-21,993.5
2026-05-14,593.0,2026-08-24,464.0,-21.75,LOCKUP_DEADLINE,71,3.71,-38.45,640.44,681.95,627.9,463.68,3680,家登,家登六,483.0,15.0,2026-05-21,2026-08-22,5138.9
2026-05-15,310.8,2026-08-24,251.0,-19.24,LOCKUP_DEADLINE,70,60.88,-38.49,335.67,357.43,394.55,291.36,4760,勤凱科技,勤凱二,303.5,4.0,2026-05-22,2026-08-23,2194.6
2026-05-18,53.8,2026-08-26,74.0,37.55,LOCKUP_DEADLINE,71,102.6,0.0,58.1,61.87,43.42,32.06,5464,霖宏,霖宏二,33.4,2.9,2026-05-25,2026-08-26,2927.1
2026-05-19,253.5,2026-08-27,213.0,-15.98,LOCKUP_DEADLINE,71,23.47,-40.43,286.96,305.55,345.41,240.82,4722,國精化,國精化四,265.7,10.0,2026-05-26,2026-08-27,6825.9
2026-05-21,1055.0,2026-08-31,769.0,-27.11,LOCKUP_DEADLINE,71,14.69,-38.67,1157.76,1232.8,1393.6,1002.25,4749,新應材,新應材一,1072.0,20.0,2026-05-28,2026-08-29,3949.3
2026-05-22,196.5,2026-08-31,259.0,31.81,LOCKUP_DEADLINE,70,46.56,-18.58,212.22,225.97,227.5,168.0,4931,新盛力,新盛力一,175.0,7.0,2026-05-29,2026-08-30,15943.6
2026-06-01,82.0,2026-09-09,72.3,-11.83,LOCKUP_DEADLINE,71,8.05,-35.61,88.56,94.3,98.8,72.96,1717,長興,長興二,76.0,20.0,2026-06-08,2026-09-09,45486.7
2026-06-02,2150.0,2026-09-10,1355.0,-36.98,LOCKUP_DEADLINE,71,1.16,-57.72,2322.0,2472.5,2324.4,1716.48,3491,昇達科,昇達科三,1788.0,12.0,2026-06-09,2026-09-10,2227.9
2026-06-02,85.4,2026-09-10,59.7,-30.09,LOCKUP_DEADLINE,71,1.05,-39.34,95.58,101.77,115.05,81.13,6546,正基,正基二,88.5,5.0,2026-06-09,2026-09-10,1827.4
2026-06-03,33.3,2026-09-11,25.55,-23.27,LOCKUP_DEADLINE,71,23.72,-28.98,35.96,38.29,42.9,31.63,6220,岳豐,岳豐十,33.0,5.0,2026-06-10,2026-09-11,855.7
2026-06-08,5190.0,2026-09-16,5600.0,7.9,LOCKUP_DEADLINE,71,48.36,-10.4,6720.84,7156.45,8089.9,4930.5,6223,旺矽,旺矽六,6223.0,50.0,2026-06-15,2026-09-16,1588.8
2026-06-11,36.6,2026-09-21,30.8,-15.85,LOCKUP_DEADLINE,71,14.21,-28.42,45.14,48.07,54.34,34.77,3294,英濟,英濟三,41.8,3.0,2026-06-18,2026-09-19,2138.5
2026-06-15,101.0,2026-09-24,83.5,-17.33,LOCKUP_DEADLINE,72,2.48,-27.23,109.08,116.15,123.89,91.49,8112,至上,至上11,95.3,20.0,2026-06-23,2026-09-24,50467.9
2026-06-23,76.5,2026-10-01,59.7,-21.96,LOCKUP_DEADLINE,70,0.0,-32.29,88.02,93.72,105.95,72.67,6546,正基,正基三,81.5,2.0,2026-06-30,2026-10-01,557.2
2026-06-24,1804.06,2026-10-02,1295.0,-28.22,LOCKUP_DEADLINE,70,1.63,-40.76,2354.4,2507.0,2834.0,1713.85,5289,宜鼎,宜鼎二,2180.0,30.0,2026-07-01,2026-10-02,3934.1
2026-06-25,1040.0,2026-10-05,1490.0,43.27,LOCKUP_DEADLINE,70,43.27,-20.58,1242.0,1322.5,1495.0,988.0,6187,萬潤,萬潤六,1150.0,30.0,2026-07-02,2026-10-03,1804.2
2026-06-25,671.0,2026-10-05,541.0,-19.37,LOCKUP_DEADLINE,70,11.77,-40.39,739.8,787.75,890.5,637.45,6584,南俊國際,南俊國際三,685.0,8.0,2026-07-02,2026-10-03,728.6
2026-06-25,160.0,2026-10-05,90.0,-43.75,LOCKUP_DEADLINE,70,10.62,-49.12,172.8,184.0,205.4,151.68,8096,擎亞,擎亞二,158.0,8.0,2026-07-02,2026-10-03,10780.5
2026-06-29,73.9,2026-10-07,167.0,125.98,LOCKUP_DEADLINE,70,157.78,-1.89,95.04,101.2,114.4,70.21,3605,宏致,宏致四,88.0,10.0,2026-07-06,2026-10-07,2739.2
2026-07-06,161.0,2026-10-08,90.3,-43.91,LOCKUP_DEADLINE,66,9.94,-49.44,173.88,185.15,201.5,148.8,8096,擎亞,擎亞三,155.0,5.0,2026-07-14,2026-10-15,3909.4
2026-07-08,230.5,2026-10-08,194.0,-15.84,LOCKUP_DEADLINE,64,4.99,-16.49,250.56,266.8,301.6,218.97,1623,大東電,大東電一,232.0,20.0,2026-07-16,2026-10-17,536.4
2026-07-13,30.95,2026-10-08,28.0,-9.53,LOCKUP_DEADLINE,62,0.16,-27.3,36.72,39.1,44.2,29.4,6134,萬旭,萬旭三,34.0,3.0,2026-07-20,2026-10-21,808.4
2026-07-15,94.0,2026-10-08,81.0,-13.83,LOCKUP_DEADLINE,60,7.93,-19.89,132.41,140.99,159.38,89.3,8054,安國,安國一,122.6,4.0,2026-07-22,2026-10-23,2971.9
2026-07-16,257.0,2026-10-08,238.5,-7.2,LOCKUP_DEADLINE,59,19.65,-35.21,277.56,295.55,332.8,244.15,2486,一詮,一詮七,256.0,20.0,2026-07-23,2026-10-24,8741.3
2026-07-17,386.0,2026-10-08,326.5,-15.41,LOCKUP_DEADLINE,58,2.33,-29.4,439.13,467.59,528.58,366.7,6903,巨漢,巨漢一,406.6,5.0,2026-07-24,2026-10-25,966.3
2026-07-17,201.0,2026-10-08,196.5,-2.24,LOCKUP_DEADLINE,58,11.19,-33.08,246.35,262.31,296.53,190.95,6693,廣閎科,廣閎科一,228.1,5.0,2026-07-24,2026-10-25,986.0
2026-07-17,69.2,2026-10-08,70.6,2.02,LOCKUP_DEADLINE,58,6.36,-9.97,78.08,83.14,93.99,65.74,6869,雲豹能源,雲豹能源二,72.3,18.0,2026-07-24,2026-10-25,610.6
2026-07-17,70.1,2026-10-08,63.6,-9.27,LOCKUP_DEADLINE,58,3.71,-19.4,84.24,89.7,101.4,66.59,3028,增你強,增你強五,78.0,5.0,2026-07-24,2026-10-25,2740.4
2026-07-22,53.9,2026-10-08,62.2,15.4,LOCKUP_DEADLINE,55,35.81,-23.01,58.21,61.99,68.9,50.88,5291,邑昇,邑昇二,53.0,2.0,2026-07-29,2026-10-30,677.3
2026-07-23,775.0,2026-10-08,736.0,-5.03,LOCKUP_DEADLINE,54,5.55,-26.06,918.0,977.5,1105.0,736.25,3583,辛耘,辛耘三,850.0,5.0,2026-07-30,2026-10-31,1332.5
2026-07-27,308.0,2026-10-08,326.5,6.01,LOCKUP_DEADLINE,52,21.75,-20.62,365.04,388.7,439.4,292.6,8155,博智,博智二,338.0,30.0,2026-08-03,2026-11-04,1145.2
2026-07-28,1070.0,2026-10-08,1030.0,-3.74,LOCKUP_DEADLINE,51,5.14,-24.95,1272.24,1354.7,1531.4,1016.5,5536,聖暉*,聖暉二,1178.0,15.0,2026-08-04,2026-11-05,736.3
2026-07-29,281.0,2026-10-08,199.0,-29.18,LOCKUP_DEADLINE,50,1.07,-37.72,363.74,387.32,437.84,266.95,4764,雙鍵,雙鍵二,336.8,5.0,2026-08-05,2026-11-06,3728.1
2026-07-29,60.9,2026-10-08,80.9,32.84,LOCKUP_DEADLINE,50,39.9,-13.46,98.06,104.42,118.04,57.86,8438,昶昕,昶昕一,90.8,3.0,2026-08-05,2026-11-06,742.3
2026-07-31,299.0,2026-10-08,326.5,9.2,LOCKUP_DEADLINE,48,12.88,-4.52,399.38,425.27,480.74,284.05,6903,巨漢,巨漢二,369.8,10.0,2026-08-07,2026-11-08,710.9
2026-07-31,63.0,2026-10-08,79.1,25.56,LOCKUP_DEADLINE,48,74.6,0.0,68.05,72.46,81.91,59.85,3141,晶宏,晶宏四,63.01,5.0,2026-08-07,2026-11-08,521.2
2026-07-31,121.0,2026-10-08,147.5,21.9,LOCKUP_DEADLINE,48,39.26,-7.44,157.68,167.9,189.8,114.95,2303,聯電,聯電一,146.0,120.0,2026-08-07,2026-11-08,224442.9
2026-08-05,2160.0,2026-10-08,2960.0,37.04,LOCKUP_DEADLINE,45,66.67,0.0,2332.8,2484.0,2285.27,1687.58,3081,聯亞,聯亞一,1757.9,12.0,2026-08-12,2026-11-13,3458.0
2026-08-06,2185.0,2026-10-08,2960.0,35.47,LOCKUP_DEADLINE,44,64.76,-0.23,2359.8,2512.75,2819.44,2075.75,3081,聯亞,聯亞二,2168.8,18.0,2026-08-13,2026-11-14,3413.0
2026-08-06,287.0,2026-10-08,326.5,13.76,LOCKUP_DEADLINE,44,30.66,-1.39,343.44,365.7,413.4,272.65,8155,博智,博智三,318.0,20.0,2026-08-13,2026-11-14,890.3
2026-08-10,1080.0,2026-10-08,1030.0,-4.63,LOCKUP_DEADLINE,42,0.93,-25.65,1250.64,1331.7,1505.4,1026.0,5536,聖暉*,聖暉三,1158.0,15.0,2026-08-17,2026-11-18,908.5
2026-08-10,52.9,2026-10-08,54.0,2.08,LOCKUP_DEADLINE,42,2.84,-6.05,59.4,63.25,71.5,50.26,8936,國統,國統五,55.0,6.0,2026-08-17,2026-11-18,1092.2
2026-08-11,106.0,2026-10-08,183.5,73.11,LOCKUP_DEADLINE,41,84.43,-11.54,114.48,121.9,136.5,100.7,3016,嘉晶,嘉晶六,105.0,3.5,2026-08-18,2026-11-19,6245.3
2026-08-11,277.0,2026-10-08,269.5,-2.71,LOCKUP_DEADLINE,41,5.23,-10.47,299.16,318.55,277.55,204.96,4967,十銓,十銓五,213.5,30.0,2026-08-18,2026-11-19,6410.6
2026-08-14,165.0,2026-10-08,149.0,-9.7,LOCKUP_DEADLINE,38,2.12,-19.7,183.17,195.04,220.48,156.75,4973,廣穎電通,廣穎電通一,169.6,5.0,2026-08-21,2026-11-22,2828.0
2026-08-21,51.0,2026-10-08,54.0,5.88,LOCKUP_DEADLINE,33,6.67,-1.96,58.1,61.87,69.94,48.45,8936,國統,國統六,53.8,6.0,2026-08-28,2026-11-29,1236.2
2026-08-24,65.0,2026-10-08,76.6,17.85,LOCKUP_DEADLINE,32,23.08,-10.15,73.55,78.31,88.53,61.75,3149,正達,正達四,68.1,6.5,2026-08-31,2026-12-01,9896.3
2026-08-27,123.5,2026-10-08,147.5,19.43,LOCKUP_DEADLINE,29,36.44,-5.26,141.16,150.3,169.91,117.32,2303,聯電,聯電二,130.7,40.0,2026-09-03,2026-12-04,113514.3
2026-08-27,690.0,2026-10-08,1010.0,46.38,LOCKUP_DEADLINE,29,53.62,-3.91,764.96,814.54,920.79,655.5,1560,中砂,中砂二,708.3,10.0,2026-09-03,2026-12-04,1179.0
2026-08-31,185.0,2026-10-08,187.0,1.08,LOCKUP_DEADLINE,27,21.08,-6.49,219.02,233.22,263.64,175.75,2464,盟立,盟立三,202.8,10.0,2026-09-07,2026-12-08,14990.7
2026-09-03,38.6,2026-10-08,35.1,-9.07,LOCKUP_DEADLINE,24,0.26,-11.27,45.68,48.64,54.99,36.67,8222,寶一,寶一一,42.3,4.0,2026-09-10,2026-12-11,900.2
2026-09-04,95.7,2026-10-08,192.0,100.63,LOCKUP_DEADLINE,23,106.9,-12.54,103.36,110.05,106.81,78.87,2221,大甲,大甲一,82.16,5.0,2026-09-11,2026-12-12,2499.2
2026-09-11,401.0,2026-10-08,362.5,-9.6,LOCKUP_DEADLINE,18,1.25,-9.73,470.34,500.82,566.15,380.95,3260,威剛,威剛九,435.5,30.0,2026-09-18,2026-12-19,6456.8
2026-09-14,56.5,2026-10-08,58.8,4.07,LOCKUP_DEADLINE,17,11.86,-0.71,74.3,79.12,89.44,53.67,4541,晟田,晟田五,68.8,3.0,2026-09-21,2026-12-22,1339.8
2026-09-15,88.4,2026-10-08,79.1,-10.52,LOCKUP_DEADLINE,16,13.12,-11.09,95.47,101.66,106.38,78.56,3141,晶宏,晶宏五,81.83,5.0,2026-09-22,2026-12-23,9101.5
2026-09-15,56.6,2026-10-08,58.8,3.89,LOCKUP_DEADLINE,16,11.66,-0.88,67.82,72.22,81.64,53.77,4541,晟田,晟田六,62.8,2.0,2026-09-22,2026-12-23,1204.3
2026-09-15,679.0,2026-10-08,736.0,8.39,LOCKUP_DEADLINE,16,14.43,-2.21,891.0,948.75,1072.5,645.05,3583,辛耘,辛耘四,825.0,15.0,2026-09-22,2026-12-23,1049.3
2026-09-18,61.3,2026-10-08,63.6,3.75,LOCKUP_DEADLINE,13,5.71,0.0,73.22,77.97,88.14,58.23,3028,增你強,增你強六,67.8,10.0,2026-09-29,2026-12-30,624.7
2026-09-18,20.15,2026-10-08,20.1,-0.25,LOCKUP_DEADLINE,13,2.23,-0.74,23.11,24.61,27.82,19.14,2646,星宇航空,星宇航空一,21.4,5.0,2026-09-29,2026-12-30,4090.1
2026-09-21,20.5,2026-10-08,20.1,-1.95,LOCKUP_DEADLINE,12,0.24,-2.44,22.9,24.38,27.56,19.47,2646,星宇航空,星宇航空二,21.2,15.0,2026-09-30,2026-12-31,4684.4
