股票代號,股票名稱,CB簡稱,發行日期,閉鎖期解禁日,進場日期,進場價格,轉換價格,出場日期,出場價格,報酬率%,持有交易日,最高漲幅MFE%,最大回檔MAE%,觸及130%逼贖,觸及TP1,觸及TP2,跌破5%停損,跌破10%停損,發行規模(億),20日均量(張),年份,季度
8155,博智,博智一,2025-01-10,2025-04-11,2025-01-03,118.0,126.8,2025-04-11,107.5,-8.9,61,42.37,-17.2,是,是,是,是,是,10.0,216,2025,2025Q1
1514,亞力,亞力二,2025-01-13,2025-04-14,2025-01-06,98.04,113.2,2025-04-14,86.6,-11.67,61,20.59,-24.12,否,否,否,是,是,12.0,2044,2025,2025Q1
4569,六方科-KY,六方科一KY,2025-01-15,2025-04-16,2025-01-08,204.0,212.0,2025-04-16,130.0,-36.27,61,1.72,-47.06,否,否,否,是,是,5.0,281,2025,2025Q1
2755,揚秦,揚秦一,2025-01-15,2025-04-16,2025-01-08,68.01,106.0,2025-04-16,79.4,16.75,61,39.9,-2.07,否,否,否,否,否,2.0,36,2025,2025Q1
2528,皇普,皇普四,2025-01-17,2025-04-18,2025-01-10,34.87,45.0,2025-04-18,27.99,-19.71,61,17.7,-29.33,否,否,否,是,是,5.0,681,2025,2025Q1
8028,昇陽半導體,昇陽半導體二,2025-01-22,2025-04-23,2025-01-15,122.5,140.3,2025-04-23,117.5,-4.08,61,49.39,-26.37,是,是,是,是,是,20.0,12085,2025,2025Q1
3390,旭軟,旭軟二,2025-02-21,2025-05-22,2025-02-14,28.2,26.2,2025-05-22,22.3,-20.92,66,6.74,-32.09,否,否,否,是,是,2.0,223,2025,2025Q1
3045,台灣大,台灣大四,2025-02-24,2025-05-25,2025-02-17,112.5,123.0,2025-05-26,117.0,4.0,67,7.11,-3.11,否,否,否,否,否,70.0,4349,2025,2025Q1
3548,兆利,兆利三,2025-02-25,2025-05-26,2025-02-18,192.2,170.0,2025-05-26,117.56,-38.83,66,2.28,-46.19,否,否,否,是,是,15.0,2457,2025,2025Q1
3095,及成,及成四,2025-02-25,2025-05-26,2025-02-18,49.4,41.1,2025-05-26,35.0,-29.15,66,1.21,-44.03,否,否,否,是,是,1.5,30,2025,2025Q1
3045,台灣大,台灣大五,2025-02-25,2025-05-26,2025-02-18,112.0,115.8,2025-05-26,117.0,4.46,66,7.59,-2.68,否,否,否,否,否,30.0,4414,2025,2025Q1
4510,高鋒,高鋒二,2025-02-26,2025-05-27,2025-02-19,50.8,49.2,2025-05-27,50.8,0.0,66,29.53,-32.48,是,是,是,是,是,9.0,10992,2025,2025Q1
6854,錼創科技-KY創,錼創科技一KY創,2025-02-27,2025-05-28,2025-02-20,261.0,250.9,2025-05-28,148.0,-43.3,66,6.32,-54.79,否,否,否,是,是,8.0,713,2025,2025Q1
9906,欣巴巴,欣巴巴三,2025-02-27,2025-05-28,2025-02-20,113.54,111.8,2025-05-28,81.41,-28.3,66,4.8,-31.35,否,否,否,是,是,7.0,172,2025,2025Q1
4439,冠星-KY,冠星一KY,2025-03-03,2025-06-04,2025-02-21,100.5,103.0,2025-06-04,86.1,-14.33,69,3.98,-23.18,否,否,否,是,是,5.0,20,2025,2025Q1
1598,岱宇,岱宇四,2025-03-03,2025-06-04,2025-02-21,32.35,33.6,2025-06-04,23.6,-27.05,69,4.95,-38.64,否,否,否,是,是,2.0,699,2025,2025Q1
6846,綠茵,綠茵一,2025-03-13,2025-06-14,2025-03-06,82.0,83.8,2025-06-16,82.4,0.49,69,11.83,-24.02,否,是,否,是,是,3.5,23,2025,2025Q1
1436,華友聯,華友聯四,2025-03-18,2025-06-19,2025-03-11,104.5,140.3,2025-06-19,86.06,-17.65,69,5.51,-29.19,否,否,否,是,是,20.0,1397,2025,2025Q1
6846,綠茵,綠茵二,2025-03-25,2025-06-26,2025-03-18,87.5,81.3,2025-06-26,78.2,-10.63,69,0.46,-28.8,否,否,否,是,是,3.5,62,2025,2025Q1
1474,弘裕,弘裕三,2025-03-31,2025-07-01,2025-03-24,14.35,14.5,2025-07-01,12.65,-11.85,68,0.0,-27.18,否,否,否,是,是,3.0,588,2025,2025Q1
8422,可寧衛,可寧衛二,2025-04-07,2025-07-08,2025-03-27,19.5,200.0,2025-07-08,18.7,-4.1,70,1.28,-11.54,否,否,否,是,是,20.0,2831,2025,2025Q1
8087,麗升能源,麗升能源二,2025-05-02,2025-08-03,2025-04-24,41.0,40.4,2025-08-04,40.0,-2.44,70,23.17,-10.24,否,是,是,是,是,5.0,35,2025,2025Q2
6771,平和環保-創,平和環保一創,2025-05-08,2025-08-09,2025-04-30,54.5,55.0,2025-08-11,54.2,-0.55,71,15.96,-4.95,否,是,否,否,否,3.5,41,2025,2025Q2
6117,迎廣,迎廣二,2025-05-28,2025-08-29,2025-05-21,95.0,79.3,2025-08-29,92.1,-3.05,71,14.74,-6.42,是,是,否,是,否,5.0,3429,2025,2025Q2
4129,聯合,聯合五,2025-05-29,2025-08-30,2025-05-22,100.0,109.8,2025-09-01,113.5,13.5,71,17.5,-1.3,否,否,否,否,否,7.0,332,2025,2025Q2
1472,三洋實業,三洋實業二,2025-05-29,2025-08-30,2025-05-22,106.0,102.0,2025-09-01,90.3,-14.81,71,0.0,-21.32,否,否,否,是,是,3.0,180,2025,2025Q2
6873,泓德能源,泓德能源二,2025-05-29,2025-08-30,2025-05-22,199.63,246.0,2025-09-01,147.0,-26.37,71,18.42,-26.87,否,否,否,是,是,30.0,1123,2025,2025Q2
4555,氣立,氣立四,2025-06-09,2025-09-10,2025-06-02,39.6,44.0,2025-09-10,44.8,13.13,72,36.62,-17.42,否,是,是,是,是,5.0,259,2025,2025Q2
3617,碩天,碩天三,2025-06-16,2025-09-17,2025-06-09,263.5,305.0,2025-09-17,211.0,-19.92,72,11.57,-19.92,否,否,否,是,是,15.0,494,2025,2025Q2
1472,三洋實業,三洋實業三,2025-06-17,2025-09-18,2025-06-10,98.9,105.0,2025-09-18,91.0,-7.99,72,1.11,-15.67,否,否,否,是,是,4.0,136,2025,2025Q2
2351,順德,順德一,2025-06-17,2025-09-18,2025-06-10,69.9,75.0,2025-09-18,83.9,20.03,72,32.9,-5.29,否,是,是,是,否,12.0,1076,2025,2025Q2
3188,鑫龍騰,鑫龍騰二,2025-06-20,2025-09-21,2025-06-13,29.45,31.4,2025-09-22,28.7,-2.55,71,7.98,-10.87,否,否,否,是,是,6.0,212,2025,2025Q2
1466,聚隆,聚隆四,2025-06-20,2025-09-21,2025-06-13,16.65,18.8,2025-09-22,17.7,6.31,71,9.91,-14.11,否,否,否,是,是,4.0,1617,2025,2025Q2
4164,承業醫,承業醫五,2025-06-20,2025-09-21,2025-06-13,49.2,48.4,2025-09-22,47.55,-3.35,71,6.3,-12.8,否,否,否,是,是,9.0,1837,2025,2025Q2
2530,華建,華建三,2025-06-23,2025-09-24,2025-06-16,33.15,34.7,2025-09-24,30.3,-8.6,72,0.75,-17.04,否,否,否,是,是,5.0,728,2025,2025Q2
6177,達麗,達麗七,2025-06-25,2025-09-26,2025-06-18,47.43,52.3,2025-09-26,48.9,3.1,72,16.39,-14.82,否,否,否,是,是,6.0,2278,2025,2025Q2
6156,松上,松上五,2025-06-25,2025-09-26,2025-06-18,29.5,30.1,2025-09-26,22.1,-25.08,72,5.25,-25.59,否,否,否,是,是,3.5,846,2025,2025Q2
2247,汎德永業,汎德永業一,2025-06-26,2025-09-27,2025-06-19,288.0,307.6,2025-09-30,301.0,4.51,72,22.92,-3.82,否,是,是,否,否,10.0,73,2025,2025Q2
6538,倉和,倉和一,2025-06-26,2025-09-27,2025-06-19,97.7,104.4,2025-09-30,78.9,-19.24,72,0.61,-20.78,否,否,否,是,是,3.0,154,2025,2025Q2
3040,遠見,遠見一,2025-06-30,2025-10-01,2025-06-23,55.0,48.3,2025-10-01,65.0,18.18,71,40.0,-0.55,是,是,是,否,否,5.0,541,2025,2025Q2
2247,汎德永業,汎德永業二,2025-06-30,2025-10-01,2025-06-23,278.0,297.8,2025-10-01,296.0,6.47,71,27.34,-0.36,否,是,是,否,否,10.0,80,2025,2025Q2
2530,華建,華建四,2025-06-30,2025-10-01,2025-06-23,30.5,32.5,2025-10-01,29.75,-2.46,71,9.51,-9.84,否,否,否,是,否,8.0,865,2025,2025Q2
6982,大井泵浦,大井泵浦一,2025-07-23,2025-10-24,2025-07-16,61.9,63.6,2025-10-27,67.5,9.05,69,30.05,-5.17,否,是,是,是,否,3.0,204,2025,2025Q3
3526,凡甲,凡甲七,2025-07-24,2025-10-25,2025-07-17,240.0,269.6,2025-10-27,251.0,4.58,68,11.88,-3.33,否,否,否,否,否,15.0,397,2025,2025Q3
6469,大樹,大樹三,2025-07-28,2025-10-29,2025-07-21,124.79,149.74,2025-10-29,112.5,-9.85,68,18.09,-10.25,否,否,否,是,是,10.0,180,2025,2025Q3
4442,竣邦-KY,竣邦一KY,2025-07-28,2025-10-29,2025-07-21,45.61,49.0,2025-10-29,59.0,29.36,68,46.47,-3.26,是,是,是,否,否,1.5,30,2025,2025Q3
1786,科妍,科妍三,2025-08-01,2025-11-02,2025-07-24,118.5,116.5,2025-11-03,89.0,-24.89,68,4.64,-26.16,否,否,否,是,是,4.0,1511,2025,2025Q3
8411,福貞-KY,福貞三KY,2025-08-01,2025-11-02,2025-07-24,13.05,13.3,2025-11-03,12.45,-4.6,68,1.15,-4.98,否,否,否,否,否,12.0,58,2025,2025Q3
6982,大井泵浦,大井泵浦二,2025-08-04,2025-11-05,2025-07-25,61.2,61.8,2025-11-05,66.0,7.84,69,31.54,-3.27,是,是,是,否,否,2.0,194,2025,2025Q3
6843,進典,進典一,2025-08-04,2025-11-05,2025-07-25,60.4,61.4,2025-11-05,55.8,-7.62,69,10.93,-11.75,否,是,否,是,是,3.0,60,2025,2025Q3
2641,正德,正德八,2025-08-06,2025-11-07,2025-07-29,19.3,19.3,2025-11-07,20.8,7.77,69,18.91,-5.44,否,是,是,是,否,7.8,2558,2025,2025Q3
7556,意德士科技,意德士一永,2025-08-12,2025-11-13,2025-08-05,165.98,182.0,2025-11-13,152.96,-7.85,69,18.28,-13.88,否,是,否,是,是,1.0,49,2025,2025Q3
4581,光隆精密-KY,光隆精密一KY,2025-08-15,2025-11-16,2025-08-08,53.0,53.4,2025-11-17,53.1,0.19,68,7.92,-3.77,否,否,否,否,否,5.0,20,2025,2025Q3
6821,聯寶,聯寶一,2025-08-15,2025-11-16,2025-08-08,42.8,43.06,2025-11-17,37.8,-11.68,68,10.86,-20.56,否,是,否,是,是,3.0,210,2025,2025Q3
7556,意德士科技,意德士二,2025-08-15,2025-11-16,2025-08-08,176.42,178.5,2025-11-17,147.24,-16.54,68,11.28,-18.97,否,是,否,是,是,2.0,61,2025,2025Q3
3707,漢磊,漢磊五,2025-08-20,2025-11-21,2025-08-13,39.8,40.1,2025-11-21,45.6,14.57,69,77.64,-2.26,是,是,是,否,否,10.0,4448,2025,2025Q3
6207,雷科,雷科五,2025-08-26,2025-11-27,2025-08-19,50.8,52.1,2025-11-27,48.05,-5.41,69,47.24,-14.07,是,是,是,是,是,6.0,1655,2025,2025Q3
6591,動力-KY,動力四KY,2025-08-27,2025-11-28,2025-08-20,79.3,72.88,2025-11-28,77.6,-2.14,69,27.63,-7.69,是,是,是,是,否,2.5,2656,2025,2025Q3
2743,山富,山富一,2025-08-28,2025-11-29,2025-08-21,81.54,135.0,2025-12-01,81.9,0.44,69,20.68,-0.94,否,否,否,否,否,3.0,1012,2025,2025Q3
4558,寶緯,寶緯一,2025-08-28,2025-11-29,2025-08-21,26.2,29.8,2025-12-01,19.9,-24.05,69,7.44,-28.63,否,否,否,是,是,3.0,147,2025,2025Q3
7402,邑錡,邑錡二,2025-09-02,2025-12-03,2025-08-26,108.5,97.6,2025-12-03,130.0,19.82,68,58.53,-6.91,是,是,是,是,否,4.0,3485,2025,2025Q3
6207,雷科,雷科六,2025-09-05,2025-12-06,2025-08-29,70.0,50.6,2025-12-08,49.5,-29.29,68,0.29,-37.64,是,否,否,是,是,2.0,4300,2025,2025Q3
6533,晶心科,晶心科一,2025-09-08,2025-12-09,2025-09-01,286.5,308.0,2025-12-09,270.0,-5.76,68,16.23,-16.58,否,是,否,是,是,15.0,614,2025,2025Q3
5439,高技,高技一,2025-09-09,2025-12-10,2025-09-02,320.5,300.0,2025-12-10,351.0,9.52,68,18.56,-14.66,否,是,是,是,是,20.0,11185,2025,2025Q3
3284,太普高,太普高三,2025-09-15,2025-12-16,2025-09-08,24.15,23.91,2025-12-16,20.85,-13.66,68,12.22,-15.11,否,是,否,是,是,2.0,239,2025,2025Q3
4168,醣聯,醣聯四,2025-09-18,2025-12-19,2025-09-11,26.9,24.0,2025-12-19,24.9,-7.43,68,4.94,-23.61,否,否,否,是,是,5.0,396,2025,2025Q3
4438,廣越,廣越三,2025-09-30,2025-12-31,2025-09-22,71.6,76.0,2025-12-31,75.9,6.01,68,18.44,-10.61,否,是,否,是,是,8.0,111,2025,2025Q3
4722,國精化,國精化三,2025-10-01,2026-01-02,2025-09-23,178.5,141.3,2026-01-02,186.0,4.2,68,21.29,-19.05,是,是,是,是,是,5.0,5224,2025,2025Q3
6957,裕慶-KY,裕慶一KY,2025-10-02,2026-01-03,2025-09-24,183.0,190.0,2026-01-05,201.0,9.84,68,26.5,-9.84,否,是,是,是,否,10.0,135,2025,2025Q3
3687,歐買尬,歐買尬二,2025-10-02,2026-01-03,2025-09-24,75.7,75.9,2026-01-05,81.6,7.79,68,17.04,-1.72,否,是,是,否,否,4.0,113,2025,2025Q3
8404,百和興業-KY,百和興業一KY,2025-10-03,2026-01-04,2025-09-25,25.25,26.8,2026-01-05,23.2,-8.12,67,15.05,-9.7,否,是,否,是,否,10.0,2116,2025,2025Q3
3687,歐買尬,歐買尬三,2025-10-03,2026-01-04,2025-09-25,78.5,80.1,2026-01-05,81.6,3.95,67,12.87,-5.1,否,是,否,是,否,2.0,132,2025,2025Q3
1256,鮮活果汁-KY,鮮活果汁一KY,2025-10-08,2026-01-09,2025-09-30,168.62,190.0,2026-01-09,158.5,-6.0,69,9.12,-21.72,否,否,否,是,是,2.0,169,2025,2025Q3
6477,安集,安集五,2025-10-09,2026-01-10,2025-10-01,42.2,44.3,2026-01-12,35.55,-15.76,69,2.13,-21.8,否,否,否,是,是,6.0,2955,2025,2025Q4
2753,八方雲集,八方雲集一,2025-10-09,2026-01-10,2025-10-01,195.24,212.0,2026-01-12,183.33,-6.1,69,8.05,-10.49,否,否,否,是,是,8.0,491,2025,2025Q4
5201,凱衛,凱衛一,2025-10-15,2026-01-16,2025-10-07,49.5,41.2,2026-01-16,43.8,-11.52,70,0.61,-23.84,否,否,否,是,是,1.0,1370,2025,2025Q4
6163,華電網,華電網五,2025-10-16,2026-01-17,2025-10-08,24.8,25.02,2026-01-19,70.3,183.47,70,200.0,-14.72,是,是,是,是,是,3.0,1687,2025,2025Q4
6219,富旺,富旺四,2025-10-16,2026-01-17,2025-10-08,19.25,21.17,2026-01-19,17.35,-9.87,70,14.29,-11.69,否,否,否,是,是,6.0,586,2025,2025Q4
2753,八方雲集,八方雲集二,2025-10-20,2026-01-21,2025-10-13,179.52,210.0,2026-01-21,173.33,-3.45,70,17.51,-3.45,否,否,否,否,否,2.0,519,2025,2025Q4
7713,威力德生醫,威力德生醫一,2025-10-20,2026-01-21,2025-10-13,75.0,73.9,2026-01-21,71.3,-4.93,70,8.13,-6.53,否,是,否,是,否,5.0,28,2025,2025Q4
6209,今國光,今國光三,2025-10-23,2026-01-24,2025-10-16,43.25,38.6,2026-01-26,73.4,69.71,70,69.71,-9.36,是,是,是,是,否,4.5,7103,2025,2025Q4
4113,聯上,聯上五,2025-10-27,2026-01-28,2025-10-17,22.75,26.3,2026-01-28,22.55,-0.88,71,15.38,-12.53,否,否,否,是,是,4.0,267,2025,2025Q4
3684,榮昌,榮昌一,2025-10-28,2026-01-29,2025-10-20,51.6,50.7,2026-01-29,55.6,7.75,71,43.99,-10.95,是,是,是,是,是,3.0,17,2025,2025Q4
3551,世禾,世禾三,2025-10-28,2026-01-29,2025-10-20,175.0,173.0,2026-01-29,185.0,5.71,71,26.29,-15.71,否,是,是,是,是,5.0,1661,2025,2025Q4
3037,欣興,欣興一,2025-11-03,2026-02-04,2025-10-27,161.5,165.4,2026-02-04,388.0,140.25,71,148.3,-2.92,是,是,是,否,否,40.0,25443,2025,2025Q4
6190,萬泰科,萬泰科七,2025-11-06,2026-02-07,2025-10-30,45.0,41.7,2026-02-09,48.1,6.89,71,32.22,-12.89,是,是,是,是,是,10.0,3016,2025,2025Q4
3032,偉訓,偉訓一,2025-11-13,2026-02-14,2025-11-06,100.5,105.9,2026-02-23,73.0,-27.36,69,1.49,-29.85,否,否,否,是,是,10.0,1780,2025,2025Q4
2402,毅嘉,毅嘉三,2025-11-19,2026-02-20,2025-11-12,48.1,55.0,2026-02-23,54.1,12.47,65,42.62,-6.86,否,是,是,是,否,10.0,5439,2025,2025Q4
3032,偉訓,偉訓二,2025-11-25,2026-02-26,2025-11-18,92.5,101.9,2026-02-26,72.2,-21.95,64,0.65,-23.78,否,否,否,是,是,10.0,2482,2025,2025Q4
4772,台特化,台特化一,2025-11-27,2026-02-28,2025-11-20,295.0,323.8,2026-03-02,339.0,14.92,63,34.24,-4.07,否,是,是,否,否,20.0,2465,2025,2025Q4
6890,來億-KY,來億一KY,2025-11-28,2026-03-01,2025-11-21,241.5,246.4,2026-03-02,195.5,-19.05,62,24.43,-20.7,否,是,是,是,是,45.0,908,2025,2025Q4
2732,六角,六角四,2025-12-08,2026-03-09,2025-12-01,75.0,74.3,2026-03-09,62.2,-17.07,61,0.27,-17.2,否,否,否,是,是,6.0,41,2025,2025Q4
6890,來億-KY,來億二KY,2025-12-10,2026-03-11,2025-12-03,286.5,245.2,2026-03-11,163.5,-42.93,61,2.09,-43.8,否,否,否,是,是,5.0,2249,2025,2025Q4
5309,系統電,系統電六,2025-12-12,2026-03-13,2025-12-05,61.1,63.5,2026-03-13,59.6,-2.45,61,20.46,-11.62,否,是,是,是,是,7.0,8175,2025,2025Q4
5309,系統電,系統電七,2025-12-15,2026-03-16,2025-12-08,62.5,55.0,2026-03-16,61.5,-1.6,61,17.76,-13.6,是,是,是,是,是,5.0,8288,2025,2025Q4
8042,金山電,金山電六,2025-12-16,2026-03-17,2025-12-09,57.2,60.0,2026-03-17,58.1,1.57,61,33.74,-14.16,否,是,是,是,是,3.5,17301,2025,2025Q4
4739,康普,康普四,2025-12-17,2026-03-18,2025-12-10,74.7,71.0,2026-03-18,82.9,10.98,61,10.98,-17.4,否,是,否,是,是,6.0,1138,2025,2025Q4
6796,晉弘,晉弘二,2025-12-22,2026-03-23,2025-12-15,97.2,101.6,2026-03-23,71.7,-26.23,61,8.0,-26.23,否,否,否,是,是,2.0,77,2025,2025Q4
6670,復盛應用,復盛應用二,2025-12-26,2026-03-27,2025-12-18,257.0,270.0,2026-03-27,268.0,4.28,62,10.7,-3.11,否,否,否,否,否,15.0,354,2025,2025Q4
6904,伯鑫,伯鑫一,2025-12-26,2026-03-27,2025-12-18,115.0,130.0,2026-03-27,124.0,7.83,62,17.39,-3.91,否,否,否,否,否,1.5,3,2025,2025Q4
3543,州巧,州巧一,2025-12-26,2026-03-27,2025-12-18,42.95,46.3,2026-03-27,48.9,13.85,62,36.9,-5.94,否,是,是,是,否,4.0,2250,2025,2025Q4
2745,五福,五福一,2026-01-05,2026-04-06,2025-12-26,105.5,111.3,2026-04-07,105.5,0.0,62,5.69,-6.07,否,否,否,是,否,3.0,141,2025,2025Q4
6510,精測,精測一,2026-01-05,2026-04-06,2025-12-26,2275.0,2016.8,2026-04-07,3325.0,46.15,62,86.59,-7.69,是,是,是,是,否,20.0,897,2025,2025Q4
8431,匯鑽科,匯鑽科二,2026-01-05,2026-04-06,2025-12-26,69.3,68.0,2026-04-07,55.3,-20.2,62,17.89,-20.35,否,是,是,是,是,3.0,4063,2025,2025Q4
2467,志聖,志聖二,2026-01-09,2026-04-10,2026-01-02,250.5,250.6,2026-04-10,542.0,116.37,61,116.37,-7.98,是,是,是,是,否,7.0,3771,2026,2026Q1
6199,天品,天品三,2026-01-20,2026-04-21,2026-01-13,120.0,104.6,2026-04-21,108.0,-10.0,61,6.25,-24.17,否,否,否,是,是,2.5,346,2026,2026Q1
8021,尖點,尖點二,2026-01-20,2026-04-21,2026-01-13,223.0,203.5,2026-04-21,405.0,81.61,61,92.6,-15.7,是,是,是,是,是,7.0,34628,2026,2026Q1
6199,天品,天品四,2026-01-21,2026-04-22,2026-01-14,118.0,114.8,2026-04-22,104.5,-11.44,61,8.05,-22.88,否,是,否,是,是,3.5,468,2026,2026Q1
3715,定穎投控,定穎投控一,2026-01-21,2026-04-22,2026-01-14,139.0,140.0,2026-04-22,189.0,35.97,61,46.4,-7.19,是,是,是,是,否,5.0,38432,2026,2026Q1
3717,聯嘉投控,聯嘉投控一,2026-01-21,2026-04-22,2026-01-14,16.8,17.5,2026-04-22,22.1,31.55,61,44.05,-3.27,是,是,是,否,否,7.0,501,2026,2026Q1
2467,志聖,志聖三,2026-01-22,2026-04-23,2026-01-15,252.5,246.6,2026-04-23,538.0,113.07,61,142.38,-8.71,是,是,是,是,否,10.0,3243,2026,2026Q1
2233,宇隆,宇隆一,2026-01-23,2026-04-24,2026-01-16,244.5,250.0,2026-04-24,241.5,-1.23,61,23.93,-16.16,否,是,是,是,是,13.0,1364,2026,2026Q1
2455,全新,全新二,2026-01-23,2026-04-24,2026-01-16,170.0,162.9,2026-04-24,346.0,103.53,61,125.88,-10.29,是,是,是,是,是,5.0,7996,2026,2026Q1
8210,勤誠,勤誠二,2026-01-26,2026-04-27,2026-01-19,930.0,1007.2,2026-04-27,1165.0,25.27,61,39.78,-11.08,否,是,是,是,是,8.0,2219,2026,2026Q1
2455,全新,全新三,2026-01-27,2026-04-28,2026-01-20,168.0,153.5,2026-04-28,318.0,89.29,61,128.57,-9.23,是,是,是,是,否,5.0,9571,2026,2026Q1
4923,力士,力士一,2026-01-29,2026-04-30,2026-01-22,39.9,34.66,2026-04-30,33.3,-16.54,61,3.51,-32.33,否,否,否,是,是,2.5,247,2026,2026Q1
6101,寬魚國際,寬魚國際一,2026-01-29,2026-04-30,2026-01-22,37.2,36.9,2026-04-30,40.45,8.74,61,11.83,-4.84,否,是,否,否,否,1.5,47,2026,2026Q1
6101,寬魚國際,寬魚國際二,2026-01-30,2026-05-01,2026-01-23,40.1,38.9,2026-05-04,40.25,0.37,61,3.74,-11.72,否,否,否,是,是,2.5,63,2026,2026Q1
2374,佳能,佳能二,2026-02-02,2026-05-03,2026-01-26,84.01,86.8,2026-05-04,82.0,-2.39,60,15.64,-22.75,否,是,否,是,是,3.0,10232,2026,2026Q1
8210,勤誠,勤誠三,2026-02-03,2026-05-04,2026-01-27,976.0,985.3,2026-05-04,1150.0,17.83,59,33.2,-15.27,是,是,是,是,是,7.0,2151,2026,2026Q1
3587,閎康,閎康二,2026-02-04,2026-05-05,2026-01-28,205.0,198.0,2026-05-05,331.0,61.46,59,84.15,-11.99,是,是,是,是,是,7.0,525,2026,2026Q1
6515,穎崴,穎崴二,2026-02-05,2026-05-06,2026-01-29,4020.0,3540.4,2026-05-06,10130.0,151.99,59,185.82,-4.23,是,是,是,否,否,30.0,844,2026,2026Q1
8299,群聯,群聯三,2026-02-06,2026-05-07,2026-01-30,2365.0,2488.0,2026-05-07,2390.0,1.06,59,5.71,-37.63,否,否,否,是,是,60.0,5529,2026,2026Q1
2236,百達-KY,百達三KY,2026-02-10,2026-05-11,2026-02-03,112.5,118.1,2026-05-11,142.5,26.67,59,28.0,-10.22,否,是,是,是,是,2.5,364,2026,2026Q1
3324,雙鴻,雙鴻六,2026-03-02,2026-06-03,2026-02-11,1065.0,1124.0,2026-06-03,1280.0,20.19,70,22.54,-17.84,否,是,是,是,是,30.0,3832,2026,2026Q1
6894,衛司特,衛司特一,2026-03-09,2026-06-10,2026-03-02,270.0,262.4,2026-06-10,334.5,23.89,70,54.81,0.0,是,是,是,否,否,3.0,165,2026,2026Q1
5534,長虹,長虹四,2026-03-11,2026-06-12,2026-03-04,75.6,80.0,2026-06-12,83.4,10.32,70,12.7,-3.84,否,否,否,否,否,15.0,786,2026,2026Q1
6862,三集瑞-KY,三集瑞一KY,2026-03-13,2026-06-14,2026-03-06,192.5,197.0,2026-06-15,202.0,4.94,69,27.27,-19.48,否,是,是,是,是,10.0,1071,2026,2026Q1
3324,雙鴻,雙鴻七,2026-03-16,2026-06-17,2026-03-09,891.0,1105.0,2026-06-17,1050.0,17.85,70,46.46,-1.8,否,是,是,否,否,20.0,5517,2026,2026Q1
2329,華泰,華泰一,2026-03-18,2026-06-19,2026-03-11,50.5,51.3,2026-06-22,58.5,15.84,70,31.29,-2.48,否,是,是,否,否,25.0,12432,2026,2026Q1
6913,鴻呈,鴻呈一,2026-03-19,2026-06-20,2026-03-12,111.5,126.0,2026-06-22,125.5,12.56,69,36.32,-9.87,否,是,是,是,否,4.5,195,2026,2026Q1
6547,高端疫苗,高端疫苗二,2026-03-19,2026-06-20,2026-03-12,37.35,37.0,2026-06-22,45.1,20.75,69,63.86,-2.95,是,是,是,否,否,7.5,1513,2026,2026Q1
4113,聯上,聯上六,2026-03-20,2026-06-21,2026-03-13,19.05,20.45,2026-06-22,16.4,-13.91,68,2.36,-27.03,否,否,否,是,是,2.0,284,2026,2026Q1
3715,定穎投控,定穎投控二,2026-03-24,2026-06-25,2026-03-17,159.5,159.0,2026-06-25,177.0,10.97,69,27.59,-4.08,否,是,是,否,否,10.0,30255,2026,2026Q1
6576,逸達,逸達一,2026-03-25,2026-06-26,2026-03-18,78.7,84.3,2026-06-26,78.0,-0.89,69,6.35,-4.57,否,否,否,否,否,4.0,198,2026,2026Q1
3011,今皓,今皓二,2026-03-26,2026-06-27,2026-03-19,12.75,12.5,2026-06-29,14.6,14.51,69,25.88,-8.24,否,是,是,是,否,4.5,619,2026,2026Q1
6472,保瑞,保瑞四,2026-04-01,2026-07-02,2026-03-25,468.5,500.0,2026-07-02,432.0,-7.79,68,0.11,-29.46,否,否,否,是,是,20.0,976,2026,2026Q1
6472,保瑞,保瑞五,2026-04-15,2026-07-16,2026-04-08,427.5,485.0,2026-07-16,415.5,-2.81,69,8.07,-22.69,否,否,否,是,是,10.0,891,2026,2026Q2
8476,台境*,台境二,2026-04-21,2026-07-22,2026-04-14,19.05,19.7,2026-07-22,23.25,22.05,69,31.5,-20.73,否,是,是,是,是,2.5,577,2026,2026Q2
8111,立碁,立碁四,2026-04-28,2026-07-29,2026-04-21,78.2,75.1,2026-07-29,62.6,-19.95,69,4.86,-43.61,否,否,否,是,是,5.0,5022,2026,2026Q2
6603,富強鑫,富強鑫四,2026-05-04,2026-08-05,2026-04-24,28.9,26.63,2026-08-05,26.75,-7.44,71,3.98,-26.64,否,否,否,是,是,4.0,2162,2026,2026Q2
4714,永捷,永捷八,2026-05-04,2026-08-05,2026-04-24,15.7,16.1,2026-08-05,10.4,-33.76,71,1.27,-38.22,否,否,否,是,是,3.0,1911,2026,2026Q2
4123,晟德,晟德八,2026-05-04,2026-08-05,2026-04-24,37.91,43.0,2026-08-05,37.29,-1.63,71,1.88,-8.04,否,否,否,是,否,15.0,2871,2026,2026Q2
8271,宇瞻,宇瞻一,2026-05-05,2026-08-06,2026-04-27,196.0,165.0,2026-08-06,247.0,26.02,71,38.27,-15.31,是,是,是,是,是,10.0,6667,2026,2026Q2
5284,jpp-KY,jpp四KY,2026-05-05,2026-08-06,2026-04-27,339.5,353.0,2026-08-06,303.5,-10.6,71,41.38,-26.66,是,是,是,是,是,2.0,2216,2026,2026Q2
3135,凌航,凌航二,2026-05-05,2026-08-06,2026-04-27,133.63,129.9,2026-08-06,178.01,33.21,71,90.0,-5.0,是,是,是,是,否,15.0,4088,2026,2026Q2
8462,柏文,柏文四,2026-05-08,2026-08-09,2026-04-30,151.0,152.2,2026-08-10,171.5,13.58,70,15.56,-10.6,否,是,否,是,是,4.0,120,2026,2026Q2
3680,家登,家登五,2026-05-08,2026-08-09,2026-04-30,513.0,488.9,2026-08-10,446.0,-13.06,70,21.44,-28.85,否,是,是,是,是,10.0,3458,2026,2026Q2
5284,jpp-KY,jpp五KY,2026-05-11,2026-08-12,2026-05-04,347.0,322.6,2026-08-12,299.5,-13.69,71,38.33,-28.24,是,是,是,是,是,3.5,2324,2026,2026Q2
4503,金雨,金雨一,2026-05-13,2026-08-14,2026-05-06,43.7,46.0,2026-08-14,26.15,-40.16,71,11.1,-46.22,否,否,否,是,是,5.0,233,2026,2026Q2
4123,晟德,晟德九,2026-05-14,2026-08-15,2026-05-07,36.19,42.0,2026-08-17,31.85,-12.0,71,6.71,-12.55,否,否,否,是,是,5.0,2815,2026,2026Q2
8074,鉅橡,鉅橡六,2026-05-14,2026-08-15,2026-05-07,84.5,79.2,2026-08-17,56.0,-33.73,71,3.43,-47.16,否,否,否,是,是,3.0,10409,2026,2026Q2
7610,聯友金屬-創,聯友金屬一創,2026-05-20,2026-08-21,2026-05-13,666.63,795.0,2026-08-21,1685.0,152.76,71,296.02,-3.38,是,是,是,否,否,8.0,862,2026,2026Q2
3680,家登,家登六,2026-05-21,2026-08-22,2026-05-14,593.0,483.0,2026-08-24,464.0,-21.75,71,3.71,-38.45,否,否,否,是,是,15.0,4893,2026,2026Q2
6803,崑鼎,崑鼎二,2026-05-21,2026-08-22,2026-05-14,286.0,324.0,2026-08-24,270.0,-5.59,71,1.75,-6.82,否,否,否,是,否,20.0,72,2026,2026Q2
4760,勤凱科技,勤凱二,2026-05-22,2026-08-23,2026-05-15,310.8,303.5,2026-08-24,251.0,-19.24,70,60.88,-38.49,是,是,是,是,是,4.0,1541,2026,2026Q2
5464,霖宏,霖宏二,2026-05-25,2026-08-26,2026-05-18,53.8,33.4,2026-08-26,74.0,37.55,71,102.6,0.0,是,是,是,否,否,2.9,1710,2026,2026Q2
4722,國精化,國精化四,2026-05-26,2026-08-27,2026-05-19,253.5,265.7,2026-08-27,213.0,-15.98,71,23.47,-40.43,否,是,是,是,是,10.0,4880,2026,2026Q2
4749,新應材,新應材一,2026-05-28,2026-08-29,2026-05-21,1055.0,1072.0,2026-08-31,769.0,-27.11,71,14.69,-38.67,否,是,否,是,是,20.0,3580,2026,2026Q2
4931,新盛力,新盛力一,2026-05-29,2026-08-30,2026-05-22,196.5,175.0,2026-08-31,259.0,31.81,70,46.56,-18.58,是,是,是,是,是,7.0,15999,2026,2026Q2
1717,長興,長興二,2026-06-08,2026-09-09,2026-06-01,82.0,76.0,2026-09-09,72.3,-11.83,71,8.05,-35.61,否,是,否,是,是,20.0,46101,2026,2026Q2
3491,昇達科,昇達科三,2026-06-09,2026-09-10,2026-06-02,2150.0,1788.0,2026-09-10,1355.0,-36.98,71,1.16,-57.72,否,否,否,是,是,12.0,2208,2026,2026Q2
6546,正基,正基二,2026-06-09,2026-09-10,2026-06-02,85.4,88.5,2026-09-10,59.7,-30.09,71,1.05,-39.34,否,否,否,是,是,5.0,1212,2026,2026Q2
6220,岳豐,岳豐十,2026-06-10,2026-09-11,2026-06-03,33.3,33.0,2026-09-11,25.55,-23.27,71,23.72,-28.98,否,是,是,是,是,5.0,538,2026,2026Q2
6223,旺矽,旺矽六,2026-06-15,2026-09-16,2026-06-08,5190.0,6223.0,2026-09-16,5600.0,7.9,71,48.36,-10.4,否,是,是,是,是,50.0,1536,2026,2026Q2
3294,英濟,英濟三,2026-06-18,2026-09-19,2026-06-11,36.6,41.8,2026-09-21,30.8,-15.85,71,14.21,-28.42,否,否,否,是,是,3.0,4425,2026,2026Q2
8112,至上,至上11,2026-06-23,2026-09-24,2026-06-15,101.0,95.3,2026-09-24,83.5,-17.33,72,2.48,-27.23,否,否,否,是,是,20.0,38631,2026,2026Q2
4190,佐登-KY,佐登四KY,2026-06-30,2026-10-01,2026-06-23,24.4,26.6,2026-10-01,25.0,2.46,70,11.48,-2.87,否,否,否,否,否,5.0,79,2026,2026Q2
6546,正基,正基三,2026-06-30,2026-10-01,2026-06-23,76.5,81.5,2026-10-01,59.7,-21.96,70,0.0,-32.29,否,否,否,是,是,2.0,1092,2026,2026Q2
5289,宜鼎,宜鼎二,2026-07-01,2026-10-02,2026-06-24,1804.06,2180.0,2026-10-02,1295.0,-28.22,70,1.63,-40.76,否,否,否,是,是,30.0,3977,2026,2026Q2
6187,萬潤,萬潤六,2026-07-02,2026-10-03,2026-06-25,1040.0,1150.0,2026-10-05,1490.0,43.27,70,43.27,-20.58,否,是,是,是,是,30.0,2831,2026,2026Q2
6584,南俊國際,南俊國際三,2026-07-02,2026-10-03,2026-06-25,671.0,685.0,2026-10-05,541.0,-19.37,70,11.77,-40.39,否,是,否,是,是,8.0,1184,2026,2026Q2
8096,擎亞,擎亞二,2026-07-02,2026-10-03,2026-06-25,160.0,158.0,2026-10-05,90.0,-43.75,70,10.62,-49.12,否,是,否,是,是,8.0,11542,2026,2026Q2
3605,宏致,宏致四,2026-07-06,2026-10-07,2026-06-29,73.9,88.0,2026-10-07,167.0,125.98,70,157.78,-1.89,是,是,是,否,否,10.0,2506,2026,2026Q2
8096,擎亞,擎亞三,2026-07-14,2026-10-15,2026-07-06,161.0,155.0,2026-10-08,90.3,-43.91,66,9.94,-49.44,否,是,否,是,是,5.0,8129,2026,2026Q3
1623,大東電,大東電一,2026-07-16,2026-10-17,2026-07-08,230.5,232.0,2026-10-08,194.0,-15.84,64,4.99,-16.49,否,否,否,是,是,20.0,357,2026,2026Q3
6134,萬旭,萬旭三,2026-07-20,2026-10-21,2026-07-13,30.95,34.0,2026-10-08,28.0,-9.53,62,0.16,-27.3,否,否,否,是,是,3.0,1222,2026,2026Q3
8054,安國,安國一,2026-07-22,2026-10-23,2026-07-15,94.0,122.6,2026-10-08,81.0,-13.83,60,7.93,-19.89,否,否,否,是,是,4.0,5052,2026,2026Q3
2486,一詮,一詮七,2026-07-23,2026-10-24,2026-07-16,257.0,256.0,2026-10-08,238.5,-7.2,59,19.65,-35.21,否,是,是,是,是,20.0,8152,2026,2026Q3
6903,巨漢,巨漢一,2026-07-24,2026-10-25,2026-07-17,386.0,406.6,2026-10-08,326.5,-15.41,58,2.33,-29.4,否,否,否,是,是,5.0,764,2026,2026Q3
6693,廣閎科,廣閎科一,2026-07-24,2026-10-25,2026-07-17,201.0,228.1,2026-10-08,196.5,-2.24,58,11.19,-33.08,否,否,否,是,是,5.0,1215,2026,2026Q3
6869,雲豹能源,雲豹能源二,2026-07-24,2026-10-25,2026-07-17,69.2,72.3,2026-10-08,70.6,2.02,58,6.36,-9.97,否,否,否,是,否,18.0,601,2026,2026Q3
6222,立軒,立軒私債一,2026-07-24,2026-10-24,2026-07-17,20.0,17.1,2026-10-08,19.45,-2.75,58,6.0,-9.0,否,否,否,是,否,4.3,28,2026,2026Q3
8442,威宏-KY,威宏三KY,2026-07-24,2026-10-25,2026-07-17,45.8,42.5,2026-10-08,48.6,6.11,58,9.39,-6.11,否,是,否,是,否,4.0,150,2026,2026Q3
3028,增你強,增你強五,2026-07-24,2026-10-25,2026-07-17,70.1,78.0,2026-10-08,63.6,-9.27,58,3.71,-19.4,否,否,否,是,是,5.0,3493,2026,2026Q3
5291,邑昇,邑昇二,2026-07-29,2026-10-30,2026-07-22,53.9,53.0,2026-10-08,62.2,15.4,55,35.81,-23.01,是,是,是,是,是,2.0,581,2026,2026Q3
3583,辛耘,辛耘三,2026-07-30,2026-10-31,2026-07-23,775.0,850.0,2026-10-08,736.0,-5.03,54,5.55,-26.06,否,否,否,是,是,5.0,1461,2026,2026Q3
8155,博智,博智二,2026-08-03,2026-11-04,2026-07-27,308.0,338.0,2026-10-08,326.5,6.01,52,21.75,-20.62,否,是,否,是,是,30.0,955,2026,2026Q3
5536,聖暉*,聖暉二,2026-08-04,2026-11-05,2026-07-28,1070.0,1178.0,2026-10-08,1030.0,-3.74,51,5.14,-24.95,否,否,否,是,是,15.0,868,2026,2026Q3
4764,雙鍵,雙鍵二,2026-08-05,2026-11-06,2026-07-29,281.0,336.8,2026-10-08,199.0,-29.18,50,1.07,-37.72,否,否,否,是,是,5.0,2919,2026,2026Q3
8438,昶昕,昶昕一,2026-08-05,2026-11-06,2026-07-29,60.9,90.8,2026-10-08,80.9,32.84,50,39.9,-13.46,否,否,否,是,是,3.0,657,2026,2026Q3
6903,巨漢,巨漢二,2026-08-07,2026-11-08,2026-07-31,299.0,369.8,2026-10-08,326.5,9.2,48,12.88,-4.52,否,否,否,否,否,10.0,838,2026,2026Q3
3141,晶宏,晶宏四,2026-08-07,2026-11-08,2026-07-31,63.0,63.01,2026-10-08,79.1,25.56,48,74.6,0.0,是,是,是,否,否,5.0,1510,2026,2026Q3
2303,聯電,聯電一,2026-08-07,2026-11-08,2026-07-31,121.0,146.0,2026-10-08,147.5,21.9,48,39.26,-7.44,否,是,是,是,否,120.0,151546,2026,2026Q3
6683,雍智科技,雍智一,2026-08-10,2026-11-11,2026-08-03,998.0,1127.1,2026-10-08,1415.0,41.78,47,74.35,-1.7,是,是,是,否,否,15.0,556,2026,2026Q3
3081,聯亞,聯亞一,2026-08-12,2026-11-13,2026-08-05,2160.0,1757.9,2026-10-08,2960.0,37.04,45,66.67,0.0,是,是,是,否,否,12.0,2707,2026,2026Q3
3081,聯亞,聯亞二,2026-08-13,2026-11-14,2026-08-06,2185.0,2168.8,2026-10-08,2960.0,35.47,44,64.76,-0.23,是,是,是,否,否,18.0,2600,2026,2026Q3
8155,博智,博智三,2026-08-13,2026-11-14,2026-08-06,287.0,318.0,2026-10-08,326.5,13.76,44,30.66,-1.39,否,是,是,否,否,20.0,980,2026,2026Q3
6570,維田,維田二,2026-08-14,2026-11-15,2026-08-07,56.8,55.73,2026-10-08,47.2,-16.9,43,4.58,-19.01,否,否,否,是,是,2.5,201,2026,2026Q3
5536,聖暉*,聖暉三,2026-08-17,2026-11-18,2026-08-10,1080.0,1158.0,2026-10-08,1030.0,-4.63,42,0.93,-25.65,否,否,否,是,是,15.0,841,2026,2026Q3
8936,國統,國統五,2026-08-17,2026-11-18,2026-08-10,52.9,55.0,2026-10-08,54.0,2.08,42,2.84,-6.05,否,否,否,是,否,6.0,1230,2026,2026Q3
3512,皇龍,皇龍二,2026-08-18,2026-11-19,2026-08-11,19.7,20.5,2026-10-08,19.0,-3.55,41,0.51,-4.57,否,否,否,否,否,6.0,77,2026,2026Q3
3016,嘉晶,嘉晶六,2026-08-18,2026-11-19,2026-08-11,106.0,105.0,2026-10-08,183.5,73.11,41,84.43,-11.54,是,是,是,是,是,3.5,7344,2026,2026Q3
4967,十銓,十銓五,2026-08-18,2026-11-19,2026-08-11,277.0,213.5,2026-10-08,269.5,-2.71,41,5.23,-10.47,是,否,否,是,是,30.0,4275,2026,2026Q3
4973,廣穎電通,廣穎電通一,2026-08-21,2026-11-22,2026-08-14,165.0,169.6,2026-10-08,149.0,-9.7,38,2.12,-19.7,否,否,否,是,是,5.0,2176,2026,2026Q3
3219,倚強科,倚強科一,2026-08-25,2026-11-26,2026-08-18,71.8,66.4,2026-10-08,130.0,81.06,36,108.91,-4.74,是,是,是,否,否,6.0,255,2026,2026Q3
7631,聚賢研發-創,聚賢研發一創,2026-08-26,2026-11-27,2026-08-19,144.0,150.8,2026-10-08,139.0,-3.47,35,7.64,-7.64,否,否,否,是,否,4.0,94,2026,2026Q3
8936,國統,國統六,2026-08-28,2026-11-29,2026-08-21,51.0,53.8,2026-10-08,54.0,5.88,33,6.67,-1.96,否,否,否,否,否,6.0,1160,2026,2026Q3
3149,正達,正達四,2026-08-31,2026-12-01,2026-08-24,65.0,68.1,2026-10-08,76.6,17.85,32,23.08,-10.15,否,是,是,是,是,6.5,9494,2026,2026Q3
2303,聯電,聯電二,2026-09-03,2026-12-04,2026-08-27,123.5,130.7,2026-10-08,147.5,19.43,29,36.44,-5.26,否,是,是,是,否,40.0,151639,2026,2026Q3
1560,中砂,中砂二,2026-09-03,2026-12-04,2026-08-27,690.0,708.3,2026-10-08,1010.0,46.38,29,53.62,-3.91,是,是,是,否,否,10.0,1297,2026,2026Q3
2464,盟立,盟立三,2026-09-07,2026-12-08,2026-08-31,185.0,202.8,2026-10-08,187.0,1.08,27,21.08,-6.49,否,是,否,是,否,10.0,16787,2026,2026Q3
8222,寶一,寶一一,2026-09-10,2026-12-11,2026-09-03,38.6,42.3,2026-10-08,35.1,-9.07,24,0.26,-11.27,否,否,否,是,是,4.0,1097,2026,2026Q3
7743,金利食安,金利食安一,2026-09-10,2026-12-11,2026-09-03,21.3,22.5,2026-10-08,26.0,22.07,24,26.76,-1.41,否,是,是,否,否,2.0,5,2026,2026Q3
2221,大甲,大甲一,2026-09-11,2026-12-12,2026-09-04,95.7,82.16,2026-10-08,192.0,100.63,23,106.9,-12.54,是,是,是,是,是,5.0,1428,2026,2026Q3
3260,威剛,威剛九,2026-09-18,2026-12-19,2026-09-11,401.0,435.5,2026-10-08,362.5,-9.6,18,1.25,-9.73,否,否,否,是,否,30.0,9184,2026,2026Q3
4541,晟田,晟田五,2026-09-21,2026-12-22,2026-09-14,56.5,68.8,2026-10-08,58.8,4.07,17,11.86,-0.71,否,否,否,否,否,3.0,2721,2026,2026Q3
3141,晶宏,晶宏五,2026-09-22,2026-12-23,2026-09-15,88.4,81.83,2026-10-08,79.1,-10.52,16,13.12,-11.09,否,是,否,是,是,5.0,4978,2026,2026Q3
4541,晟田,晟田六,2026-09-22,2026-12-23,2026-09-15,56.6,62.8,2026-10-08,58.8,3.89,16,11.66,-0.88,否,否,否,否,否,2.0,2346,2026,2026Q3
3583,辛耘,辛耘四,2026-09-22,2026-12-23,2026-09-15,679.0,825.0,2026-10-08,736.0,8.39,16,14.43,-2.21,否,否,否,否,否,15.0,1027,2026,2026Q3
2756,聯發國際,聯發國際二,2026-09-23,2026-12-24,2026-09-16,62.6,64.3,2026-10-08,61.1,-2.4,15,2.24,-5.75,否,否,否,是,否,4.0,25,2026,2026Q3
3028,增你強,增你強六,2026-09-29,2026-12-30,2026-09-18,61.3,67.8,2026-10-08,63.6,3.75,13,5.71,0.0,否,否,否,否,否,10.0,676,2026,2026Q3
2646,星宇航空,星宇航空一,2026-09-29,2026-12-30,2026-09-18,20.15,21.4,2026-10-08,20.1,-0.25,13,2.23,-0.74,否,否,否,否,否,5.0,3525,2026,2026Q3
8442,威宏-KY,威宏四KY,2026-09-30,2026-12-31,2026-09-21,46.2,48.0,2026-10-08,48.6,5.19,12,7.25,-4.65,否,否,否,否,否,2.0,78,2026,2026Q3
2646,星宇航空,星宇航空二,2026-09-30,2026-12-31,2026-09-21,20.5,21.2,2026-10-08,20.1,-1.95,12,0.24,-2.44,否,否,否,否,否,15.0,3797,2026,2026Q3
