策略配置,筆數,勝率(%),平均報酬(%),獲利因子,總報酬(%),最大獲利(%),最大虧損(%),平均持有天數,最大策略回撤(%)
"A1. 原版四價 (SL 5%, TP1/2分批)",154,35.06,0.54,1.17,82.8,38.0,-11.5,9.2,-57.16
"A2. 原版四價 (SL 8%, TP1/2分批)",154,44.81,0.84,1.19,129.7,38.0,-11.6,12.8,-76.91
"A3. 原版四價 (SL 10%, TP1/2分批)",154,50.65,0.79,1.17,121.8,38.0,-18.9,14.9,-86.91
"B1. 移動停利 (SL 8%, 漲10%後回檔8%停利, 130%上限)",154,46.1,-0.48,0.88,-73.9,32.8,-11.6,9.6,-87.71
"B2. 移動停利 (SL 10%, 漲12%後回檔8%停利, 130%上限)",154,50.65,0.04,1.01,5.5,33.1,-18.9,12.5,-92.23
"B3. 移動停利 (SL 12%, 漲15%後回檔10%停利, 130%上限)",154,50.65,0.82,1.15,126.5,36.8,-18.9,17.6,-93.82
"C1. 波段保護 (SL 8%, 130%上限清倉, 其餘持股至解禁)",154,33.77,1.1,1.21,170.2,58.8,-13.4,18.8,-87.58
"C2. 波段保護 (SL 10%, 130%上限清倉, 其餘持股至解禁)",154,37.66,0.84,1.14,129.1,58.8,-18.9,21.8,-93.42
"C3. 波段保護 (SL 12%, 130%上限清倉, 其餘持股至解禁)",154,42.21,1.48,1.23,228.3,58.8,-18.9,24.9,-94.68
"D1. 純閉鎖期持有 (無停損, 130%上限提早停利)",154,53.9,2.7,1.37,416.3,58.8,-43.9,47.5,-98.26
"D2. 純閉鎖期持有 (完全不干預, 持股滿3個月收盤平倉)",154,48.05,8.56,2.1,1318.1,183.5,-43.9,60.3,-98.08
"E1. 掛牌日進場 (波段保護 SL 10%, 130%上限清倉)",159,30.19,-1.92,0.69,-304.6,51.4,-14.5,19.9,-98.78
E2. 掛牌日進場 (純閉鎖期持有 滿3個月解禁收盤平倉),159,46.54,6.11,1.79,971.3,224.0,-43.4,55.4,-98.16
