證券代號,證券名稱,期貨契約,收盤價,進場價位,空單進場,加碼價位,加空價位,停利TP1,停利TP2,停損價位,停損回補,1口保證金(約),月線(20MA),月線負乖離%,當日成交量(張),5日均量(張),法人賣超佔比%,外資3日賣超(張),投信3日賣超(張),當日法人賣超(張),5日法人累計(張),K棒實體,下影線
2317,鴻海,DH,249.0,249.0,249.0,241.53,241.53,226.01,210.94,256.47,256.47,67230,251.12,-0.85,40251,48431,63.4,-57331,-1620,-25528,-60421,2.0,0.0
2352,佳世達,CW,28.55,28.55,28.55,27.69,27.69,26.1,24.36,29.41,29.41,7710,29.0,-1.56,4105,4058,51.8,-2013,-40,-2128,-2437,0.45,0.05
2891,中信金,CN,67.3,67.3,67.3,65.28,65.28,61.73,57.62,69.89,69.89,18170,68.59,-1.88,24637,21553,50.5,-3123,5264,-12440,5233,1.4,0.0
2324,仁寶,CG,35.5,35.5,35.5,34.44,34.44,33.3,31.08,37.36,37.36,9580,37.0,-4.04,22142,28259,43.3,-17415,-12,-9589,-65804,0.25,0.1
2337,旺宏,DI,116.0,116.0,116.0,112.52,112.52,107.46,100.3,122.72,122.72,31320,119.4,-2.85,37118,21844,42.5,-19774,-62,-15778,-18014,3.5,0.0
5871,中租-KY,LV,105.5,105.5,105.5,102.33,102.33,98.12,91.58,110.12,110.12,28490,109.03,-3.23,3191,4595,42.1,-3914,-255,-1343,-8256,0.0,0.0
2633,台灣高鐵,PG,25.7,25.7,25.7,24.93,24.93,23.2,21.66,26.47,26.47,6940,25.78,-0.31,4258,3322,40.3,95,-3560,-1715,-7649,0.1,0.0
2312,金寶,FS,30.65,30.65,30.65,29.73,29.73,27.85,25.99,31.57,31.57,8280,30.94,-0.94,4780,6238,39.3,-1910,100,-1877,-2597,0.2,0.05
2454,聯發科,PU,4690.0,4690.0,4690.0,4549.3,4549.3,4351.05,4060.98,4898.5,4898.5,1266300,4834.5,-2.99,8868,6194,36.8,-9703,-1306,-3268,-11092,110.0,0.0
2882,國泰金,CK,110.0,110.0,110.0,106.7,106.7,100.22,93.53,114.64,114.64,29700,111.35,-1.21,19899,17119,33.8,-1175,4921,-6730,8572,3.0,0.0
2618,長榮航,HS,41.4,41.4,41.4,40.16,40.16,37.8,35.28,42.64,42.64,11180,42.0,-1.43,10803,10213,28.4,-2929,-491,-3064,-2141,0.55,0.0
4938,和碩,JS,89.7,89.7,89.7,87.01,87.01,81.14,75.73,92.39,92.39,24220,90.16,-0.5,4938,4574,26.2,-1046,-427,-1295,-4025,0.3,0.0
2887,台新新光金,CM,41.0,41.0,41.0,39.77,39.77,38.26,35.71,42.93,42.93,11070,42.51,-3.55,46651,37684,25.1,-10347,7654,-11720,-5248,0.95,0.05
2356,英業達,LQ,57.5,57.5,57.5,55.77,55.77,54.44,50.81,61.09,61.09,15530,60.49,-4.94,10790,11656,23.0,-8131,26,-2479,-18455,0.4,0.0
6770,力積電,QZ,72.2,72.2,72.2,70.03,70.03,65.36,61.0,76.15,76.15,19490,72.62,-0.58,114313,114774,20.5,-73506,-351,-23401,-46957,1.3,0.2
